Etal,Htel,Hhsa,Hera,-0.2431,0.015724,-15.459,-,58235,95569,6671421
Etal,Hhsa,Htel,Hera,0.007,0.032702,0.214,best,96921,95569,6671421
Etal,Hera,Htel,Hhsa,0.2496,0.016523,15.11,-,96921,58235,6671421
Etal,Htel,Hhsa,Hhim,-0.2429,0.016322,-14.884,-,57923,95029,6671421
Etal,Hhsa,Htel,Hhim,0.0092,0.032859,0.28,best,96801,95029,6671421
Etal,Hhim,Htel,Hhsa,0.2516,0.016492,15.255,-,96801,57923,6671421
Etal,Htel,Hhsa,HeraHhimHyb,-0.241,0.015971,-15.093,-,58040,94840,6671421
Etal,Hhsa,Htel,HeraHhimHyb,0.0101,0.032771,0.31,best,96789,94840,6671421
Etal,HeraHhimHyb,Htel,Hhsa,0.2506,0.016728,14.98,-,96789,58040,6671421
Etal,Htel,Hhsa,Hsar,-0.2892,0.019022,-15.206,-,66524,120626,6671421
Etal,Hhsa,Htel,Hsar,-0.2502,0.015011,-16.666,-,72375,120626,6671421
Etal,Hsar,Htel,Hhsa,0.0421,0.009787,4.297,best,72375,66524,6671421
Etal,Htel,Hhsa,Hdem,-0.2224,0.022406,-9.925,-,65582,103044,6671421
Etal,Hhsa,Htel,Hdem,-0.1827,0.017541,-10.413,-,71248,103044,6671421
Etal,Hdem,Htel,Hhsa,0.0413,0.010152,4.071,best,71248,65582,6671421
Etal,Htel,Hhsa,Ldor,-0.7787,0.005388,-100,-,58556,470383,6671421
Etal,Hhsa,Htel,Ldor,-0.7828,0.00523,-100,-,57333,470383,6671421
Etal,Ldor,Htel,Hhsa,-0.0106,0.002427,-4.35,best,57333,58556,6671421
Etal,Htel,Hhsa,Hbes,-0.7784,0.005516,-100,-,57308,459805,6671421
Etal,Hhsa,Htel,Hbes,-0.782,0.005467,-100,-,56257,459805,6671421
Etal,Hbes,Htel,Hhsa,-0.0093,0.002785,-3.322,best,56257,57308,6671421
Etal,Htel,Hhsa,Hpar,-0.7794,0.005347,-100,-,56683,457032,6671421
Etal,Hhsa,Htel,Hpar,-0.7821,0.005318,-100,-,55902,457032,6671421
Etal,Hpar,Htel,Hhsa,-0.0069,0.002895,-2.395,best,55902,56683,6671421
Etal,Htel,Hhsa,Hnum,-0.779,0.00541,-100,-,56522,454845,6671421
Etal,Hhsa,Htel,Hnum,-0.7823,0.005438,-100,-,55574,454845,6671421
Etal,Hnum,Htel,Hhsa,-0.0085,0.003277,-2.58,best,55574,56522,6671421
Etal,Htel,Hhsa,Htim,-0.7798,0.005353,-100,-,56339,455127,6671421
Etal,Hhsa,Htel,Htim,-0.7828,0.005378,-100,-,55464,455127,6671421
Etal,Htim,Htel,Hhsa,-0.0078,0.003345,-2.338,best,55464,56339,6671421
Etal,Htel,Hhsa,Hcyd,-0.7796,0.005356,-100,-,56314,454456,6671421
Etal,Hhsa,Htel,Hcyd,-0.783,0.00542,-100,-,55320,454456,6671421
Etal,Hcyd,Htel,Hhsa,-0.0089,0.003246,-2.74,best,55320,56314,6671421
Etal,Htel,Hhsa,Hmel,-0.7796,0.005363,-100,-,56467,455855,6671421
Etal,Hhsa,Htel,Hmel,-0.7832,0.005465,-100,-,55439,455855,6671421
Etal,Hmel,Htel,Hhsa,-0.0092,0.002893,-3.172,best,55439,56467,6671421
Etal,Htel,Hera,Hhim,0.0031,0.004158,0.755,best,36298,36070,6671421
Etal,Hera,Htel,Hhim,0.7377,0.005732,100,-,238914,36070,6671421
Etal,Hhim,Htel,Hera,0.7362,0.005454,100,-,238914,36298,6671421
Etal,Htel,Hera,HeraHhimHyb,0.01,0.004787,2.085,best,26890,26356,6671421
Etal,Hera,Htel,HeraHhimHyb,0.8288,0.00706,100,-,281375,26356,6671421
Etal,HeraHhimHyb,Htel,Hera,0.8256,0.00658,100,-,281375,26890,6671421
Etal,Htel,Hera,Hsar,-0.0883,0.007139,-12.363,best,86631,103399,6671421
Etal,Hera,Htel,Hsar,-0.1882,0.005951,-31.623,-,70651,103399,6671421
Etal,Hsar,Htel,Hera,-0.1016,0.00449,-22.631,-,70651,86631,6671421
Etal,Htel,Hera,Hdem,-0.0008,0.008587,-0.092,best,85941,86069,6671421
Etal,Hera,Htel,Hdem,-0.1098,0.007428,-14.775,-,69053,86069,6671421
Etal,Hdem,Htel,Hera,-0.109,0.004531,-24.052,-,69053,85941,6671421
Etal,Htel,Hera,Ldor,-0.7365,0.00312,-100,-,66996,441489,6671421
Etal,Hera,Htel,Ldor,-0.7397,0.003302,-100,-,66066,441489,6671421
Etal,Ldor,Htel,Hera,-0.007,0.003031,-2.306,best,66066,66996,6671421
Etal,Htel,Hera,Hbes,-0.7366,0.003244,-100,-,65291,430454,6671421
Etal,Hera,Htel,Hbes,-0.7342,0.003287,-100,-,65978,430454,6671421
Etal,Hbes,Htel,Hera,0.0052,0.00343,1.528,best,65978,65291,6671421
Etal,Htel,Hera,Hpar,-0.7373,0.003193,-100,-,64681,427696,6671421
Etal,Hera,Htel,Hpar,-0.733,0.003157,-100,-,65911,427696,6671421
Etal,Hpar,Htel,Hera,0.0094,0.00302,3.12,best,65911,64681,6671421
Etal,Htel,Hera,Hnum,-0.737,0.003347,-100,-,64405,425394,6671421
Etal,Hera,Htel,Hnum,-0.7322,0.003299,-100,-,65784,425394,6671421
Etal,Hnum,Htel,Hera,0.0106,0.003138,3.376,best,65784,64405,6671421
Etal,Htel,Hera,Htim,-0.7373,0.003179,-100,-,64393,425847,6671421
Etal,Hera,Htel,Htim,-0.7345,0.00321,-100,-,65189,425847,6671421
Etal,Htim,Htel,Hera,0.0061,0.003178,1.934,best,65189,64393,6671421
Etal,Htel,Hera,Hcyd,-0.7373,0.00321,-100,-,64290,425098,6671421
Etal,Hera,Htel,Hcyd,-0.7343,0.00325,-100,-,65131,425098,6671421
Etal,Hcyd,Htel,Hera,0.0065,0.003267,1.991,best,65131,64290,6671421
Etal,Htel,Hera,Hmel,-0.7373,0.003157,-100,-,64514,426568,6671421
Etal,Hera,Htel,Hmel,-0.734,0.003302,-100,-,65438,426568,6671421
Etal,Hmel,Htel,Hera,0.0071,0.003304,2.154,best,65438,64514,6671421
Etal,Htel,Hhim,HeraHhimHyb,0.0072,0.005164,1.394,best,21533,21227,6671421
Etal,Hhim,Htel,HeraHhimHyb,0.8695,0.003494,100,-,303977,21227,6671421
Etal,HeraHhimHyb,Htel,Hhim,0.8677,0.00407,100,-,303977,21533,6671421
Etal,Htel,Hhim,Hsar,-0.0898,0.007122,-12.603,best,86199,103195,6671421
Etal,Hhim,Htel,Hsar,-0.1876,0.0055,-34.106,-,70600,103195,6671421
Etal,Hsar,Htel,Hhim,-0.0995,0.004757,-20.915,-,70600,86199,6671421
Etal,Htel,Hhim,Hdem,-0.0021,0.008548,-0.248,best,85374,85730,6671421
Etal,Hhim,Htel,Hdem,-0.1083,0.007272,-14.888,-,68989,85730,6671421
Etal,Hdem,Htel,Hhim,-0.1062,0.004938,-21.5,-,68989,85374,6671421
Etal,Htel,Hhim,Ldor,-0.7377,0.003125,-100,-,66614,441335,6671421
Etal,Hhim,Htel,Ldor,-0.7405,0.003264,-100,-,65803,441335,6671421
Etal,Ldor,Htel,Hhim,-0.0061,0.003235,-1.894,best,65803,66614,6671421
Etal,Htel,Hhim,Hbes,-0.7376,0.003238,-100,-,64990,430381,6671421
Etal,Hhim,Htel,Hbes,-0.7333,0.003042,-100,-,66222,430381,6671421
Etal,Hbes,Htel,Hhim,0.0094,0.002934,3.201,best,66222,64990,6671421
Etal,Htel,Hhim,Hpar,-0.7382,0.003144,-100,-,64426,427669,6671421
Etal,Hhim,Htel,Hpar,-0.7324,0.00301,-100,-,66074,427669,6671421
Etal,Hpar,Htel,Hhim,0.0126,0.002439,5.178,best,66074,64426,6671421
Etal,Htel,Hhim,Hnum,-0.7379,0.003306,-100,-,64153,425370,6671421
Etal,Hhim,Htel,Hnum,-0.7323,0.003183,-100,-,65733,425370,6671421
Etal,Hnum,Htel,Hhim,0.0122,0.002694,4.515,best,65733,64153,6671421
Etal,Htel,Hhim,Htim,-0.7384,0.003251,-100,-,64071,425753,6671421
Etal,Hhim,Htel,Htim,-0.734,0.003052,-100,-,65308,425753,6671421
Etal,Htim,Htel,Hhim,0.0096,0.002906,3.291,best,65308,64071,6671421
Etal,Htel,Hhim,Hcyd,-0.7382,0.00324,-100,-,64019,425055,6671421
Etal,Hhim,Htel,Hcyd,-0.7343,0.003122,-100,-,65127,425055,6671421
Etal,Hcyd,Htel,Hhim,0.0086,0.002977,2.883,best,65127,64019,6671421
Etal,Htel,Hhim,Hmel,-0.7383,0.003143,-100,-,64204,426486,6671421
Etal,Hhim,Htel,Hmel,-0.734,0.003101,-100,-,65430,426486,6671421
Etal,Hmel,Htel,Hhim,0.0095,0.002686,3.522,best,65430,64204,6671421
Etal,Htel,HeraHhimHyb,Hsar,-0.0914,0.007569,-12.072,best,86047,103349,6671421
Etal,HeraHhimHyb,Htel,Hsar,-0.1887,0.005948,-31.733,-,70534,103349,6671421
Etal,Hsar,Htel,HeraHhimHyb,-0.0991,0.00488,-20.306,-,70534,86047,6671421
Etal,Htel,HeraHhimHyb,Hdem,-0.0039,0.00916,-0.427,best,85266,85928,6671421
Etal,HeraHhimHyb,Htel,Hdem,-0.1099,0.007671,-14.332,-,68913,85928,6671421
Etal,Hdem,Htel,HeraHhimHyb,-0.1061,0.004917,-21.574,-,68913,85266,6671421
Etal,Htel,HeraHhimHyb,Ldor,-0.7383,0.003244,-100,-,66490,441517,6671421
Etal,HeraHhimHyb,Htel,Ldor,-0.7404,0.003243,-100,-,65870,441517,6671421
Etal,Ldor,Htel,HeraHhimHyb,-0.0047,0.003137,-1.493,best,65870,66490,6671421
Etal,Htel,HeraHhimHyb,Hbes,-0.7382,0.003434,-100,-,64857,430554,6671421
Etal,HeraHhimHyb,Htel,Hbes,-0.7344,0.003125,-100,-,65942,430554,6671421
Etal,Hbes,Htel,HeraHhimHyb,0.0083,0.00329,2.522,best,65942,64857,6671421
Etal,Htel,HeraHhimHyb,Hpar,-0.7387,0.003301,-100,-,64320,427869,6671421
Etal,HeraHhimHyb,Htel,Hpar,-0.7333,0.003126,-100,-,65852,427869,6671421
Etal,Hpar,Htel,HeraHhimHyb,0.0118,0.00285,4.131,best,65852,64320,6671421
Etal,Htel,HeraHhimHyb,Hnum,-0.7386,0.003485,-100,-,63978,425501,6671421
Etal,HeraHhimHyb,Htel,Hnum,-0.733,0.003213,-100,-,65561,425501,6671421
Etal,Hnum,Htel,HeraHhimHyb,0.0122,0.002684,4.553,best,65561,63978,6671421
Etal,Htel,HeraHhimHyb,Htim,-0.739,0.003417,-100,-,63945,425933,6671421
Etal,HeraHhimHyb,Htel,Htim,-0.7348,0.003109,-100,-,65129,425933,6671421
Etal,Htim,Htel,HeraHhimHyb,0.0092,0.003109,2.952,best,65129,63945,6671421
Etal,Htel,HeraHhimHyb,Hcyd,-0.739,0.003393,-100,-,63835,425177,6671421
Etal,HeraHhimHyb,Htel,Hcyd,-0.7353,0.003202,-100,-,64868,425177,6671421
Etal,Hcyd,Htel,HeraHhimHyb,0.008,0.003155,2.545,best,64868,63835,6671421
Etal,Htel,HeraHhimHyb,Hmel,-0.7389,0.003338,-100,-,64072,426660,6671421
Etal,HeraHhimHyb,Htel,Hmel,-0.7347,0.003264,-100,-,65272,426660,6671421
Etal,Hmel,Htel,HeraHhimHyb,0.0093,0.003047,3.046,best,65272,64072,6671421
Etal,Htel,Hsar,Hdem,0.1427,0.003556,40.131,best,66620,49980,6671421
Etal,Hsar,Htel,Hdem,0.4939,0.003608,100,-,147531,49980,6671421
Etal,Hdem,Htel,Hsar,0.3778,0.00349,100,-,147531,66620,6671421
Etal,Htel,Hsar,Ldor,-0.6957,0.002924,-100,-,78228,435953,6671421
Etal,Hsar,Htel,Ldor,-0.734,0.002136,-100,-,66872,435953,6671421
Etal,Ldor,Htel,Hsar,-0.0783,0.003507,-22.314,best,66872,78228,6671421
Etal,Htel,Hsar,Hbes,-0.6929,0.002908,-100,-,77231,425626,6671421
Etal,Hsar,Htel,Hbes,-0.7353,0.002109,-100,-,64915,425626,6671421
Etal,Hbes,Htel,Hsar,-0.0866,0.003828,-22.635,best,64915,77231,6671421
Etal,Htel,Hsar,Hpar,-0.6929,0.002763,-100,-,76740,422987,6671421
Etal,Hsar,Htel,Hpar,-0.736,0.002323,-100,-,64325,422987,6671421
Etal,Hpar,Htel,Hsar,-0.088,0.003752,-23.455,best,64325,76740,6671421
Etal,Htel,Hsar,Hnum,-0.692,0.002843,-100,-,76605,420826,6671421
Etal,Hsar,Htel,Hnum,-0.7365,0.002401,-100,-,63858,420826,6671421
Etal,Hnum,Htel,Hsar,-0.0907,0.003504,-25.901,best,63858,76605,6671421
Etal,Htel,Hsar,Htim,-0.6928,0.002875,-100,-,76416,421102,6671421
Etal,Hsar,Htel,Htim,-0.7363,0.002276,-100,-,63963,421102,6671421
Etal,Htim,Htel,Hsar,-0.0887,0.003863,-22.962,best,63963,76416,6671421
Etal,Htel,Hsar,Hcyd,-0.6927,0.002783,-100,-,76321,420361,6671421
Etal,Hsar,Htel,Hcyd,-0.7367,0.002284,-100,-,63742,420361,6671421
Etal,Hcyd,Htel,Hsar,-0.0898,0.003759,-23.891,best,63742,76321,6671421
Etal,Htel,Hsar,Hmel,-0.6932,0.002754,-100,-,76433,421719,6671421
Etal,Hsar,Htel,Hmel,-0.7362,0.00223,-100,-,64074,421719,6671421
Etal,Hmel,Htel,Hsar,-0.088,0.003789,-23.212,best,64074,76433,6671421
Etal,Htel,Hdem,Ldor,-0.746,0.002043,-100,-,63726,438091,6671421
Etal,Hdem,Htel,Ldor,-0.7551,0.002076,-100,-,61144,438091,6671421
Etal,Ldor,Htel,Hdem,-0.0207,0.00278,-7.437,best,61144,63726,6671421
Etal,Htel,Hdem,Hbes,-0.7447,0.002157,-100,-,62572,427607,6671421
Etal,Hdem,Htel,Hbes,-0.7541,0.001973,-100,-,59961,427607,6671421
Etal,Hbes,Htel,Hdem,-0.0213,0.00269,-7.919,best,59961,62572,6671421
Etal,Htel,Hdem,Hpar,-0.7449,0.002001,-100,-,62157,425044,6671421
Etal,Hdem,Htel,Hpar,-0.7543,0.001972,-100,-,59526,425044,6671421
Etal,Hpar,Htel,Hdem,-0.0216,0.002674,-8.086,best,59526,62157,6671421
Etal,Htel,Hdem,Hnum,-0.7441,0.002024,-100,-,62060,422921,6671421
Etal,Hdem,Htel,Hnum,-0.7544,0.002128,-100,-,59207,422921,6671421
Etal,Hnum,Htel,Hdem,-0.0235,0.002441,-9.638,best,59207,62060,6671421
Etal,Htel,Hdem,Htim,-0.7453,0.002118,-100,-,61755,423081,6671421
Etal,Hdem,Htel,Htim,-0.7548,0.002099,-100,-,59130,423081,6671421
Etal,Htim,Htel,Hdem,-0.0217,0.00283,-7.672,best,59130,61755,6671421
Etal,Htel,Hdem,Hcyd,-0.7452,0.002084,-100,-,61660,422340,6671421
Etal,Hdem,Htel,Hcyd,-0.7546,0.00219,-100,-,59084,422340,6671421
Etal,Hcyd,Htel,Hdem,-0.0213,0.00295,-7.233,best,59084,61660,6671421
Etal,Htel,Hdem,Hmel,-0.7453,0.00201,-100,-,61859,423785,6671421
Etal,Hdem,Htel,Hmel,-0.755,0.002142,-100,-,59165,423785,6671421
Etal,Hmel,Htel,Hdem,-0.0223,0.002921,-7.622,best,59165,61859,6671421
Etal,Htel,Ldor,Hbes,0.0375,0.003423,10.96,best,129023,119693,6671421
Etal,Ldor,Htel,Hbes,0.395,0.004535,87.099,-,275941,119693,6671421
Etal,Hbes,Htel,Ldor,0.3628,0.004187,86.656,-,275941,129023,6671421
Etal,Htel,Ldor,Hpar,0.0468,0.003446,13.584,best,128363,116885,6671421
Etal,Ldor,Htel,Hpar,0.4034,0.004318,93.418,-,274940,116885,6671421
Etal,Hpar,Htel,Ldor,0.3635,0.003887,93.504,-,274940,128363,6671421
Etal,Htel,Ldor,Hnum,0.0557,0.003489,15.967,best,127964,114460,6671421
Etal,Ldor,Htel,Hnum,0.4118,0.004349,94.681,-,274692,114460,6671421
Etal,Hnum,Htel,Ldor,0.3644,0.003976,91.652,-,274692,127964,6671421
Etal,Htel,Ldor,Htim,0.0539,0.00337,15.99,best,127506,114467,6671421
Etal,Ldor,Htel,Htim,0.4114,0.004053,100,-,274446,114467,6671421
Etal,Htim,Htel,Ldor,0.3656,0.003892,93.928,-,274446,127506,6671421
Etal,Htel,Ldor,Hcyd,0.0569,0.003321,17.117,best,127210,113525,6671421
Etal,Ldor,Htel,Hcyd,0.4149,0.004154,99.871,-,274502,113525,6671421
Etal,Hcyd,Htel,Ldor,0.3667,0.003938,93.107,-,274502,127210,6671421
Etal,Htel,Ldor,Hmel,0.0513,0.003541,14.484,best,127491,115052,6671421
Etal,Ldor,Htel,Hmel,0.4094,0.004439,92.219,-,274514,115052,6671421
Etal,Hmel,Htel,Ldor,0.3657,0.003881,94.244,-,274514,127491,6671421
Etal,Htel,Hbes,Hpar,0.023,0.002419,9.513,best,47735,45587,6671421
Etal,Hbes,Htel,Hpar,0.8576,0.001511,100,-,594582,45587,6671421
Etal,Hpar,Htel,Hbes,0.8514,0.001624,100,-,594582,47735,6671421
Etal,Htel,Hbes,Hnum,0.0482,0.003477,13.873,best,45362,41188,6671421
Etal,Hbes,Htel,Hnum,0.8725,0.001927,100,-,604627,41188,6671421
Etal,Hnum,Htel,Hbes,0.8604,0.002261,100,-,604627,45362,6671421
Etal,Htel,Hbes,Htim,0.0381,0.003171,12.011,best,50548,46839,6671421
Etal,Hbes,Htel,Htim,0.8492,0.001532,100,-,574348,46839,6671421
Etal,Htim,Htel,Hbes,0.8382,0.001932,100,-,574348,50548,6671421
Etal,Htel,Hbes,Hcyd,0.0447,0.003362,13.308,best,50844,46489,6671421
Etal,Hbes,Htel,Hcyd,0.8497,0.001664,100,-,571927,46489,6671421
Etal,Hcyd,Htel,Hbes,0.8367,0.001865,100,-,571927,50844,6671421
Etal,Htel,Hbes,Hmel,0.0316,0.003655,8.658,best,50669,47560,6671421
Etal,Hbes,Htel,Hmel,0.8472,0.001797,100,-,574835,47560,6671421
Etal,Hmel,Htel,Hbes,0.838,0.001774,100,-,574835,50669,6671421
Etal,Htel,Hpar,Hnum,0.0259,0.002232,11.608,best,40118,38092,6671421
Etal,Hpar,Htel,Hnum,0.8836,0.001659,100,-,616247,38092,6671421
Etal,Hnum,Htel,Hpar,0.8778,0.00181,100,-,616247,40118,6671421
Etal,Htel,Hpar,Htim,0.0189,0.002452,7.695,best,42136,40575,6671421
Etal,Hpar,Htel,Htim,0.8738,0.002398,100,-,602255,40575,6671421
Etal,Htim,Htel,Hpar,0.8693,0.002502,100,-,602255,42136,6671421
Etal,Htel,Hpar,Hcyd,0.0261,0.003136,8.33,best,43337,41130,6671421
Etal,Hpar,Htel,Hcyd,0.8708,0.002501,100,-,595299,41130,6671421
Etal,Hcyd,Htel,Hpar,0.8643,0.002532,100,-,595299,43337,6671421
Etal,Htel,Hpar,Hmel,0.0117,0.003487,3.355,best,41564,40603,6671421
Etal,Hpar,Htel,Hmel,0.8743,0.002146,100,-,605381,40603,6671421
Etal,Hmel,Htel,Hpar,0.8715,0.002232,100,-,605381,41564,6671421
Etal,Htel,Hnum,Htim,-0.0054,0.002479,-2.174,best,42938,43403,6671421
Etal,Hnum,Htel,Htim,0.8618,0.001698,100,-,584601,43403,6671421
Etal,Htim,Htel,Hnum,0.8632,0.001757,100,-,584601,42938,6671421
Etal,Htel,Hnum,Hcyd,0.0021,0.003181,0.655,best,43497,43316,6671421
Etal,Hnum,Htel,Hcyd,0.8611,0.001705,100,-,580265,43316,6671421
Etal,Hcyd,Htel,Hnum,0.8605,0.001617,100,-,580265,43497,6671421
Etal,Htel,Hnum,Hmel,-0.0123,0.00387,-3.175,best,42845,43910,6671421
Etal,Hnum,Htel,Hmel,0.8606,0.001906,100,-,585806,43910,6671421
Etal,Hmel,Htel,Hnum,0.8637,0.001603,100,-,585806,42845,6671421
Etal,Htel,Htim,Hcyd,0.0123,0.004388,2.813,best,26534,25888,6671421
Etal,Htim,Htel,Hcyd,0.9258,0.002286,100,-,672175,25888,6671421
Etal,Hcyd,Htel,Htim,0.9241,0.002364,100,-,672175,26534,6671421
Etal,Htel,Htim,Hmel,-0.0105,0.005572,-1.887,best,28138,28738,6671421
Etal,Htim,Htel,Hmel,0.9171,0.001799,100,-,664062,28738,6671421
Etal,Hmel,Htel,Htim,0.9187,0.001895,100,-,664062,28138,6671421
Etal,Htel,Hcyd,Hmel,-0.0219,0.004473,-4.901,best,27779,29025,6671421
Etal,Hcyd,Htel,Hmel,0.916,0.001638,100,-,661642,29025,6671421
Etal,Hmel,Htel,Hcyd,0.9194,0.00167,100,-,661642,27779,6671421
Etal,Hhsa,Hera,Hhim,0.0055,0.003708,1.474,best,38612,38192,6671421
Etal,Hera,Hhsa,Hhim,0.6825,0.003872,100,-,202350,38192,6671421
Etal,Hhim,Hhsa,Hera,0.6795,0.003556,100,-,202350,38612,6671421
Etal,Hhsa,Hera,HeraHhimHyb,0.0105,0.004143,2.543,best,28463,27866,6671421
Etal,Hera,Hhsa,HeraHhimHyb,0.7952,0.007666,100,-,244199,27866,6671421
Etal,HeraHhimHyb,Hhsa,Hera,0.7913,0.006875,100,-,244199,28463,6671421
Etal,Hhsa,Hera,Hsar,-0.2262,0.017942,-12.609,best,84849,134452,6671421
Etal,Hera,Hhsa,Hsar,-0.3618,0.009951,-36.364,-,63018,134452,6671421
Etal,Hsar,Hhsa,Hera,-0.1478,0.008539,-17.304,-,63018,84849,6671421
Etal,Hhsa,Hera,Hdem,-0.165,0.019265,-8.567,best,83862,117010,6671421
Etal,Hera,Hhsa,Hdem,-0.3125,0.011035,-28.317,-,61308,117010,6671421
Etal,Hdem,Hhsa,Hera,-0.1555,0.008453,-18.395,-,61308,83862,6671421
Etal,Hhsa,Hera,Ldor,-0.7704,0.00225,-100,-,61771,476173,6671421
Etal,Hera,Hhsa,Ldor,-0.7694,0.002515,-100,-,62064,476173,6671421
Etal,Ldor,Hhsa,Hera,0.0024,0.003008,0.786,best,62064,61771,6671421
Etal,Hhsa,Hera,Hbes,-0.7707,0.002084,-100,-,60224,465124,6671421
Etal,Hera,Hhsa,Hbes,-0.7649,0.002243,-100,-,61962,465124,6671421
Etal,Hbes,Hhsa,Hera,0.0142,0.002601,5.468,best,61962,60224,6671421
Etal,Hhsa,Hera,Hpar,-0.7713,0.002192,-100,-,59682,462164,6671421
Etal,Hera,Hhsa,Hpar,-0.7645,0.00238,-100,-,61693,462164,6671421
Etal,Hpar,Hhsa,Hera,0.0166,0.002475,6.696,best,61693,59682,6671421
Etal,Hhsa,Hera,Hnum,-0.7715,0.002334,-100,-,59330,459953,6671421
Etal,Hera,Hhsa,Hnum,-0.7636,0.002375,-100,-,61657,459953,6671421
Etal,Hnum,Hhsa,Hera,0.0192,0.002981,6.451,best,61657,59330,6671421
Etal,Hhsa,Hera,Htim,-0.7711,0.002325,-100,-,59526,460541,6671421
Etal,Hera,Hhsa,Htim,-0.7654,0.002417,-100,-,61197,460541,6671421
Etal,Htim,Hhsa,Hera,0.0138,0.002616,5.291,best,61197,59526,6671421
Etal,Hhsa,Hera,Hcyd,-0.7715,0.002234,-100,-,59321,459809,6671421
Etal,Hera,Hhsa,Hcyd,-0.7652,0.00245,-100,-,61156,459809,6671421
Etal,Hcyd,Hhsa,Hera,0.0152,0.002441,6.242,best,61156,59321,6671421
Etal,Hhsa,Hera,Hmel,-0.7716,0.002254,-100,-,59461,461229,6671421
Etal,Hera,Hhsa,Hmel,-0.765,0.002511,-100,-,61413,461229,6671421
Etal,Hmel,Hhsa,Hera,0.0162,0.002535,6.373,best,61413,59461,6671421
Etal,Hhsa,Hhim,HeraHhimHyb,0.0039,0.004647,0.849,best,22713,22536,6671421
Etal,Hhim,Hhsa,HeraHhimHyb,0.844,0.003011,100,-,266408,22536,6671421
Etal,HeraHhimHyb,Hhsa,Hhim,0.8429,0.003681,100,-,266408,22713,6671421
Etal,Hhsa,Hhim,Hsar,-0.2289,0.017858,-12.818,best,84273,134296,6671421
Etal,Hhim,Hhsa,Hsar,-0.3627,0.010159,-35.699,-,62823,134296,6671421
Etal,Hsar,Hhsa,Hhim,-0.1459,0.008411,-17.351,-,62823,84273,6671421
Etal,Hhsa,Hhim,Hdem,-0.168,0.019161,-8.767,best,83144,116712,6671421
Etal,Hhim,Hhsa,Hdem,-0.3129,0.011116,-28.151,-,61093,116712,6671421
Etal,Hdem,Hhsa,Hhim,-0.153,0.008519,-17.96,-,61093,83144,6671421
Etal,Hhsa,Hhim,Ldor,-0.7718,0.002222,-100,-,61333,476155,6671421
Etal,Hhim,Hhsa,Ldor,-0.7704,0.002484,-100,-,61745,476155,6671421
Etal,Ldor,Hhsa,Hhim,0.0033,0.003267,1.025,best,61745,61333,6671421
Etal,Hhsa,Hhim,Hbes,-0.7719,0.001979,-100,-,59884,465204,6671421
Etal,Hhim,Hhsa,Hbes,-0.7642,0.00224,-100,-,62167,465204,6671421
Etal,Hbes,Hhsa,Hhim,0.0187,0.002497,7.494,best,62167,59884,6671421
Etal,Hhsa,Hhim,Hpar,-0.7723,0.002091,-100,-,59406,462308,6671421
Etal,Hhim,Hhsa,Hpar,-0.7641,0.002439,-100,-,61835,462308,6671421
Etal,Hpar,Hhsa,Hhim,0.02,0.002615,7.665,best,61835,59406,6671421
Etal,Hhsa,Hhim,Hnum,-0.7726,0.002202,-100,-,59037,460080,6671421
Etal,Hhim,Hhsa,Hnum,-0.764,0.002309,-100,-,61565,460080,6671421
Etal,Hnum,Hhsa,Hhim,0.021,0.002956,7.092,best,61565,59037,6671421
Etal,Hhsa,Hhim,Htim,-0.7724,0.002189,-100,-,59158,460593,6671421
Etal,Hhim,Hhsa,Htim,-0.7652,0.002395,-100,-,61270,460593,6671421
Etal,Htim,Hhsa,Hhim,0.0175,0.002862,6.13,best,61270,59158,6671421
Etal,Hhsa,Hhim,Hcyd,-0.7726,0.002127,-100,-,59002,459910,6671421
Etal,Hhim,Hhsa,Hcyd,-0.7654,0.002469,-100,-,61104,459910,6671421
Etal,Hcyd,Hhsa,Hhim,0.0175,0.002876,6.089,best,61104,59002,6671421
Etal,Hhsa,Hhim,Hmel,-0.7729,0.002113,-100,-,59101,461289,6671421
Etal,Hhim,Hhsa,Hmel,-0.7652,0.00243,-100,-,61355,461289,6671421
Etal,Hmel,Hhsa,Hhim,0.0187,0.002535,7.383,best,61355,59101,6671421
Etal,Hhsa,HeraHhimHyb,Hsar,-0.2298,0.01783,-12.888,best,84150,134350,6671421
Etal,HeraHhimHyb,Hhsa,Hsar,-0.3631,0.010264,-35.379,-,62786,134350,6671421
Etal,Hsar,Hhsa,HeraHhimHyb,-0.1455,0.008366,-17.393,-,62786,84150,6671421
Etal,Hhsa,HeraHhimHyb,Hdem,-0.1689,0.019172,-8.809,best,83046,116791,6671421
Etal,HeraHhimHyb,Hhsa,Hdem,-0.3137,0.01131,-27.737,-,61027,116791,6671421
Etal,Hdem,Hhsa,HeraHhimHyb,-0.153,0.008199,-18.655,-,61027,83046,6671421
Etal,Hhsa,HeraHhimHyb,Ldor,-0.7723,0.002055,-100,-,61167,476166,6671421
Etal,HeraHhimHyb,Hhsa,Ldor,-0.7704,0.002527,-100,-,61770,476166,6671421
Etal,Ldor,Hhsa,HeraHhimHyb,0.0049,0.003095,1.587,best,61770,61167,6671421
Etal,Hhsa,HeraHhimHyb,Hbes,-0.7727,0.001898,-100,-,59638,465135,6671421
Etal,HeraHhimHyb,Hhsa,Hbes,-0.7655,0.002158,-100,-,61774,465135,6671421
Etal,Hbes,Hhsa,HeraHhimHyb,0.0176,0.002753,6.392,best,61774,59638,6671421
Etal,Hhsa,HeraHhimHyb,Hpar,-0.7731,0.001975,-100,-,59163,462242,6671421
Etal,HeraHhimHyb,Hhsa,Hpar,-0.7652,0.002467,-100,-,61476,462242,6671421
Etal,Hpar,Hhsa,HeraHhimHyb,0.0192,0.002781,6.898,best,61476,59163,6671421
Etal,Hhsa,HeraHhimHyb,Hnum,-0.7735,0.002089,-100,-,58744,459964,6671421
Etal,HeraHhimHyb,Hhsa,Hnum,-0.7649,0.002268,-100,-,61275,459964,6671421
Etal,Hnum,Hhsa,HeraHhimHyb,0.0211,0.002849,7.403,best,61275,58744,6671421
Etal,Hhsa,HeraHhimHyb,Htim,-0.7732,0.002077,-100,-,58914,460526,6671421
Etal,HeraHhimHyb,Hhsa,Htim,-0.7662,0.002378,-100,-,60973,460526,6671421
Etal,Htim,Hhsa,HeraHhimHyb,0.0172,0.003153,5.449,best,60973,58914,6671421
Etal,Hhsa,HeraHhimHyb,Hcyd,-0.7735,0.001975,-100,-,58724,459809,6671421
Etal,HeraHhimHyb,Hhsa,Hcyd,-0.7666,0.002476,-100,-,60751,459809,6671421
Etal,Hcyd,Hhsa,HeraHhimHyb,0.017,0.00308,5.51,best,60751,58724,6671421
Etal,Hhsa,HeraHhimHyb,Hmel,-0.7737,0.002012,-100,-,58849,461214,6671421
Etal,HeraHhimHyb,Hhsa,Hmel,-0.7661,0.002513,-100,-,61077,461214,6671421
Etal,Hmel,Hhsa,HeraHhimHyb,0.0186,0.002771,6.707,best,61077,58849,6671421
Etal,Hhsa,Hsar,Hdem,0.1332,0.003745,35.571,best,69992,53537,6671421
Etal,Hsar,Hhsa,Hdem,0.4614,0.006919,66.679,-,145237,53537,6671421
Etal,Hdem,Hhsa,Hsar,0.3496,0.00674,51.871,-,145237,69992,6671421
Etal,Hhsa,Hsar,Ldor,-0.6949,0.003823,-100,-,80097,444896,6671421
Etal,Hsar,Hhsa,Ldor,-0.7282,0.003117,-100,-,69964,444896,6671421
Etal,Ldor,Hhsa,Hsar,-0.0675,0.003512,-19.228,best,69964,80097,6671421
Etal,Hhsa,Hsar,Hbes,-0.6917,0.004003,-100,-,79209,434506,6671421
Etal,Hsar,Hhsa,Hbes,-0.7296,0.003268,-100,-,67944,434506,6671421
Etal,Hbes,Hhsa,Hsar,-0.0766,0.003562,-21.495,best,67944,79209,6671421
Etal,Hhsa,Hsar,Hpar,-0.6912,0.003937,-100,-,78829,431708,6671421
Etal,Hsar,Hhsa,Hpar,-0.7307,0.003478,-100,-,67195,431708,6671421
Etal,Hpar,Hhsa,Hsar,-0.0797,0.003301,-24.14,best,67195,78829,6671421
Etal,Hhsa,Hsar,Hnum,-0.6908,0.003991,-100,-,78576,429596,6671421
Etal,Hsar,Hhsa,Hnum,-0.731,0.003415,-100,-,66777,429596,6671421
Etal,Hnum,Hhsa,Hsar,-0.0812,0.003344,-24.275,best,66777,78576,6671421
Etal,Hhsa,Hsar,Htim,-0.6911,0.004034,-100,-,78548,429960,6671421
Etal,Hsar,Hhsa,Htim,-0.7305,0.003353,-100,-,66970,429960,6671421
Etal,Htim,Hhsa,Hsar,-0.0796,0.003408,-23.346,best,66970,78548,6671421
Etal,Hhsa,Hsar,Hcyd,-0.6915,0.003999,-100,-,78285,429170,6671421
Etal,Hsar,Hhsa,Hcyd,-0.731,0.003347,-100,-,66700,429170,6671421
Etal,Hcyd,Hhsa,Hsar,-0.0799,0.003234,-24.71,best,66700,78285,6671421
Etal,Hhsa,Hsar,Hmel,-0.692,0.003934,-100,-,78385,430550,6671421
Etal,Hsar,Hhsa,Hmel,-0.7305,0.003343,-100,-,67054,430550,6671421
Etal,Hmel,Hhsa,Hsar,-0.0779,0.003417,-22.801,best,67054,78385,6671421
Etal,Hhsa,Hdem,Ldor,-0.744,0.00306,-100,-,65602,446856,6671421
Etal,Hdem,Hhsa,Ldor,-0.7486,0.00321,-100,-,64243,446856,6671421
Etal,Ldor,Hhsa,Hdem,-0.0105,0.003269,-3.201,best,64243,65602,6671421
Etal,Hhsa,Hdem,Hbes,-0.7423,0.003286,-100,-,64550,436302,6671421
Etal,Hdem,Hhsa,Hbes,-0.7477,0.003061,-100,-,62990,436302,6671421
Etal,Hbes,Hhsa,Hdem,-0.0122,0.00255,-4.799,best,62990,64550,6671421
Etal,Hhsa,Hdem,Hpar,-0.7419,0.003257,-100,-,64268,433602,6671421
Etal,Hdem,Hhsa,Hpar,-0.7484,0.003087,-100,-,62418,433602,6671421
Etal,Hpar,Hhsa,Hdem,-0.0146,0.003085,-4.737,best,62418,64268,6671421
Etal,Hhsa,Hdem,Hnum,-0.7416,0.003286,-100,-,64032,431507,6671421
Etal,Hdem,Hhsa,Hnum,-0.7483,0.003109,-100,-,62127,431507,6671421
Etal,Hnum,Hhsa,Hdem,-0.0151,0.002899,-5.211,best,62127,64032,6671421
Etal,Hhsa,Hdem,Htim,-0.7422,0.003336,-100,-,63897,431764,6671421
Etal,Hdem,Hhsa,Htim,-0.7484,0.003082,-100,-,62147,431764,6671421
Etal,Htim,Hhsa,Hdem,-0.0139,0.003281,-4.235,best,62147,63897,6671421
Etal,Hhsa,Hdem,Hcyd,-0.7427,0.003347,-100,-,63629,430969,6671421
Etal,Hdem,Hhsa,Hcyd,-0.7483,0.003211,-100,-,62047,430969,6671421
Etal,Hcyd,Hhsa,Hdem,-0.0126,0.00314,-4.012,best,62047,63629,6671421
Etal,Hhsa,Hdem,Hmel,-0.7428,0.003283,-100,-,63835,432455,6671421
Etal,Hdem,Hhsa,Hmel,-0.7486,0.003219,-100,-,62169,432455,6671421
Etal,Hmel,Hhsa,Hdem,-0.0132,0.002948,-4.487,best,62169,63835,6671421
Etal,Hhsa,Ldor,Hbes,0.0377,0.003342,11.282,best,130775,121273,6671421
Etal,Ldor,Hhsa,Hbes,0.3937,0.004498,87.521,-,278744,121273,6671421
Etal,Hbes,Hhsa,Ldor,0.3613,0.004178,86.49,-,278744,130775,6671421
Etal,Hhsa,Ldor,Hpar,0.048,0.00341,14.072,best,130186,118266,6671421
Etal,Ldor,Hhsa,Hpar,0.4024,0.004294,93.719,-,277544,118266,6671421
Etal,Hpar,Hhsa,Ldor,0.3614,0.003935,91.837,-,277544,130186,6671421
Etal,Hhsa,Ldor,Hnum,0.0562,0.003519,15.962,best,129562,115783,6671421
Etal,Ldor,Hhsa,Hnum,0.4108,0.004269,96.237,-,277238,115783,6671421
Etal,Hnum,Hhsa,Ldor,0.363,0.004116,88.205,-,277238,129562,6671421
Etal,Hhsa,Ldor,Htim,0.0546,0.003469,15.746,best,129248,115861,6671421
Etal,Ldor,Hhsa,Htim,0.4103,0.004077,100,-,277063,115861,6671421
Etal,Htim,Hhsa,Ldor,0.3638,0.004013,90.661,-,277063,129248,6671421
Etal,Hhsa,Ldor,Hcyd,0.0571,0.00339,16.834,best,128885,114971,6671421
Etal,Ldor,Hhsa,Hcyd,0.4136,0.004117,100,-,277171,114971,6671421
Etal,Hcyd,Hhsa,Ldor,0.3652,0.003963,92.142,-,277171,128885,6671421
Etal,Hhsa,Ldor,Hmel,0.0514,0.003644,14.116,best,129121,116487,6671421
Etal,Ldor,Hhsa,Hmel,0.4082,0.004459,91.539,-,277172,116487,6671421
Etal,Hmel,Hhsa,Ldor,0.3644,0.004024,90.552,-,277172,129121,6671421
Etal,Hhsa,Hbes,Hpar,0.0255,0.00291,8.776,best,48558,46140,6671421
Etal,Hbes,Hhsa,Hpar,0.8563,0.001552,100,-,596186,46140,6671421
Etal,Hpar,Hhsa,Hbes,0.8494,0.001671,100,-,596186,48558,6671421
Etal,Hhsa,Hbes,Hnum,0.0488,0.004124,11.839,best,45941,41664,6671421
Etal,Hbes,Hhsa,Hnum,0.8714,0.00186,100,-,606154,41664,6671421
Etal,Hnum,Hhsa,Hbes,0.8591,0.002222,100,-,606154,45941,6671421
Etal,Hhsa,Hbes,Htim,0.0393,0.004052,9.695,best,51392,47507,6671421
Etal,Hbes,Hhsa,Htim,0.8476,0.001574,100,-,576067,47507,6671421
Etal,Htim,Hhsa,Hbes,0.8362,0.002003,100,-,576067,51392,6671421
Etal,Hhsa,Hbes,Hcyd,0.0447,0.003214,13.897,best,51589,47177,6671421
Etal,Hbes,Hhsa,Hcyd,0.848,0.001712,100,-,573666,47177,6671421
Etal,Hcyd,Hhsa,Hbes,0.835,0.001907,100,-,573666,51589,6671421
Etal,Hhsa,Hbes,Hmel,0.0314,0.003775,8.324,best,51398,48266,6671421
Etal,Hbes,Hhsa,Hmel,0.8455,0.001777,100,-,576592,48266,6671421
Etal,Hmel,Hhsa,Hbes,0.8363,0.001889,100,-,576592,51398,6671421
Etal,Hhsa,Hpar,Hnum,0.0234,0.00287,8.156,best,40638,38779,6671421
Etal,Hpar,Hhsa,Hnum,0.8819,0.001716,100,-,617715,38779,6671421
Etal,Hnum,Hhsa,Hpar,0.8766,0.001864,100,-,617715,40638,6671421
Etal,Hhsa,Hpar,Htim,0.0174,0.003127,5.579,best,42778,41311,6671421
Etal,Hpar,Hhsa,Htim,0.8719,0.002359,100,-,603772,41311,6671421
Etal,Htim,Hhsa,Hpar,0.8677,0.002522,100,-,603772,42778,6671421
Etal,Hhsa,Hpar,Hcyd,0.0233,0.002783,8.362,best,43831,41837,6671421
Etal,Hpar,Hhsa,Hcyd,0.869,0.002457,100,-,596787,41837,6671421
Etal,Hcyd,Hhsa,Hpar,0.8632,0.002545,100,-,596787,43831,6671421
Etal,Hhsa,Hpar,Hmel,0.0086,0.004146,2.067,best,42039,41325,6671421
Etal,Hpar,Hhsa,Hmel,0.8725,0.002092,100,-,606884,41325,6671421
Etal,Hmel,Hhsa,Hpar,0.8705,0.002297,100,-,606884,42039,6671421
Etal,Hhsa,Hnum,Htim,-0.0045,0.002892,-1.546,best,43663,44055,6671421
Etal,Hnum,Hhsa,Htim,0.8602,0.001758,100,-,586201,44055,6671421
Etal,Htim,Hhsa,Hnum,0.8614,0.001773,100,-,586201,43663,6671421
Etal,Hhsa,Hnum,Hcyd,0.0015,0.003294,0.465,best,44128,43993,6671421
Etal,Hnum,Hhsa,Hcyd,0.8594,0.001739,100,-,581890,43993,6671421
Etal,Hcyd,Hhsa,Hnum,0.859,0.001671,100,-,581890,44128,6671421
Etal,Hhsa,Hnum,Hmel,-0.013,0.004346,-2.997,best,43396,44541,6671421
Etal,Hnum,Hhsa,Hmel,0.859,0.00188,100,-,587385,44541,6671421
Etal,Hmel,Hhsa,Hnum,0.8624,0.001753,100,-,587385,43396,6671421
Etal,Hhsa,Htim,Hcyd,0.0099,0.004761,2.085,best,26907,26380,6671421
Etal,Htim,Hhsa,Hcyd,0.9246,0.002224,100,-,673542,26380,6671421
Etal,Hcyd,Hhsa,Htim,0.9232,0.002396,100,-,673542,26907,6671421
Etal,Hhsa,Htim,Hmel,-0.013,0.006292,-2.061,best,28568,29321,6671421
Etal,Htim,Hhsa,Hmel,0.9156,0.001764,100,-,665520,29321,6671421
Etal,Hmel,Hhsa,Htim,0.9177,0.001918,100,-,665520,28568,6671421
Etal,Hhsa,Hcyd,Hmel,-0.0222,0.004743,-4.674,best,28212,29492,6671421
Etal,Hcyd,Hhsa,Hmel,0.9149,0.001629,100,-,663103,29492,6671421
Etal,Hmel,Hhsa,Hcyd,0.9184,0.001678,100,-,663103,28212,6671421
Etal,Hera,Hhim,HeraHhimHyb,0.5877,0.03529,16.652,-,70548,18373,6671421
Etal,Hhim,Hera,HeraHhimHyb,0.6854,0.017384,39.425,-,98507,18373,6671421
Etal,HeraHhimHyb,Hera,Hhim,0.165,0.030225,5.46,best,98507,70548,6671421
Etal,Hera,Hhim,Hsar,-0.7642,0.003753,-100,-,36354,271946,6671421
Etal,Hhim,Hera,Hsar,-0.762,0.003789,-100,-,36735,271946,6671421
Etal,Hsar,Hera,Hhim,0.0052,0.004579,1.139,best,36735,36354,6671421
Etal,Hera,Hhim,Hdem,-0.7561,0.003894,-100,-,35454,255314,6671421
Etal,Hhim,Hera,Hdem,-0.7531,0.003978,-100,-,35957,255314,6671421
Etal,Hdem,Hera,Hhim,0.007,0.003977,1.771,best,35957,35454,6671421
Etal,Hera,Hhim,Ldor,-0.8937,0.001268,-100,-,34397,612664,6671421
Etal,Hhim,Hera,Ldor,-0.8933,0.001142,-100,-,34516,612664,6671421
Etal,Ldor,Hera,Hhim,0.0017,0.003952,0.436,best,34516,34397,6671421
Etal,Hera,Hhim,Hbes,-0.8937,0.001223,-100,-,33741,601061,6671421
Etal,Hhim,Hera,Hbes,-0.8921,0.001134,-100,-,34286,601061,6671421
Etal,Hbes,Hera,Hhim,0.008,0.003311,2.418,best,34286,33741,6671421
Etal,Hera,Hhim,Hpar,-0.8935,0.00132,-100,-,33643,598272,6671421
Etal,Hhim,Hera,Hpar,-0.8923,0.001222,-100,-,34061,598272,6671421
Etal,Hpar,Hera,Hhim,0.0062,0.004023,1.534,best,34061,33643,6671421
Etal,Hera,Hhim,Hnum,-0.8932,0.001259,-100,-,33613,596067,6671421
Etal,Hhim,Hera,Hnum,-0.8926,0.001193,-100,-,33814,596067,6671421
Etal,Hnum,Hera,Hhim,0.003,0.003533,0.842,best,33814,33613,6671421
Etal,Hera,Hhim,Htim,-0.894,0.001187,-100,-,33404,596906,6671421
Etal,Hhim,Hera,Htim,-0.8927,0.001223,-100,-,33845,596906,6671421
Etal,Htim,Hera,Hhim,0.0066,0.004138,1.586,best,33845,33404,6671421
Etal,Hera,Hhim,Hcyd,-0.8937,0.001277,-100,-,33454,596265,6671421
Etal,Hhim,Hera,Hcyd,-0.8929,0.001225,-100,-,33721,596265,6671421
Etal,Hcyd,Hera,Hhim,0.004,0.004,0.993,best,33721,33454,6671421
Etal,Hera,Hhim,Hmel,-0.8938,0.001257,-100,-,33508,597482,6671421
Etal,Hhim,Hera,Hmel,-0.8929,0.001206,-100,-,33810,597482,6671421
Etal,Hmel,Hera,Hhim,0.0045,0.00395,1.135,best,33810,33508,6671421
Etal,Hera,HeraHhimHyb,Hsar,-0.8439,0.006103,-100,-,26618,314385,6671421
Etal,HeraHhimHyb,Hera,Hsar,-0.8414,0.005798,-100,-,27085,314385,6671421
Etal,Hsar,Hera,HeraHhimHyb,0.0087,0.004648,1.865,best,27085,26618,6671421
Etal,Hera,HeraHhimHyb,Hdem,-0.8398,0.006273,-100,-,25965,298000,6671421
Etal,HeraHhimHyb,Hera,Hdem,-0.8367,0.005864,-100,-,26500,298000,6671421
Etal,Hdem,Hera,HeraHhimHyb,0.0102,0.004651,2.183,best,26500,25965,6671421
Etal,Hera,HeraHhimHyb,Ldor,-0.9262,0.002539,-100,-,25129,655571,6671421
Etal,HeraHhimHyb,Hera,Ldor,-0.9253,0.002335,-100,-,25439,655571,6671421
Etal,Ldor,Hera,HeraHhimHyb,0.0061,0.004581,1.333,best,25439,25129,6671421
Etal,Hera,HeraHhimHyb,Hbes,-0.9261,0.002457,-100,-,24734,644229,6671421
Etal,HeraHhimHyb,Hera,Hbes,-0.9249,0.002349,-100,-,25132,644229,6671421
Etal,Hbes,Hera,HeraHhimHyb,0.008,0.004202,1.898,best,25132,24734,6671421
Etal,Hera,HeraHhimHyb,Hpar,-0.926,0.002528,-100,-,24668,641472,6671421
Etal,HeraHhimHyb,Hera,Hpar,-0.9251,0.002328,-100,-,24970,641472,6671421
Etal,Hpar,Hera,HeraHhimHyb,0.0061,0.005187,1.167,best,24970,24668,6671421
Etal,Hera,HeraHhimHyb,Hnum,-0.9261,0.002459,-100,-,24528,639157,6671421
Etal,HeraHhimHyb,Hera,Hnum,-0.9255,0.002383,-100,-,24732,639157,6671421
Etal,Hnum,Hera,HeraHhimHyb,0.0041,0.004516,0.915,best,24732,24528,6671421
Etal,Hera,HeraHhimHyb,Htim,-0.9264,0.002479,-100,-,24473,640150,6671421
Etal,HeraHhimHyb,Hera,Htim,-0.9252,0.00229,-100,-,24861,640150,6671421
Etal,Htim,Hera,HeraHhimHyb,0.0078,0.005319,1.474,best,24861,24473,6671421
Etal,Hera,HeraHhimHyb,Hcyd,-0.9262,0.002417,-100,-,24495,639481,6671421
Etal,HeraHhimHyb,Hera,Hcyd,-0.9257,0.002277,-100,-,24687,639481,6671421
Etal,Hcyd,Hera,HeraHhimHyb,0.0039,0.005331,0.73,best,24687,24495,6671421
Etal,Hera,HeraHhimHyb,Hmel,-0.9263,0.002472,-100,-,24520,640669,6671421
Etal,HeraHhimHyb,Hera,Hmel,-0.9255,0.002265,-100,-,24796,640669,6671421
Etal,Hmel,Hera,HeraHhimHyb,0.0056,0.00486,1.146,best,24796,24520,6671421
Etal,Hera,Hsar,Hdem,0.1293,0.003796,34.061,best,68706,52974,6671421
Etal,Hsar,Hera,Hdem,0.5173,0.003406,100,-,166505,52974,6671421
Etal,Hdem,Hera,Hsar,0.4158,0.003814,100,-,166505,68706,6671421
Etal,Hera,Hsar,Ldor,-0.6656,0.003242,-100,-,86082,428757,6671421
Etal,Hsar,Hera,Ldor,-0.7,0.002471,-100,-,75656,428757,6671421
Etal,Ldor,Hera,Hsar,-0.0645,0.003005,-21.448,best,75656,86082,6671421
Etal,Hera,Hsar,Hbes,-0.6578,0.003202,-100,-,86307,418035,6671421
Etal,Hsar,Hera,Hbes,-0.7016,0.002661,-100,-,73304,418035,6671421
Etal,Hbes,Hera,Hsar,-0.0815,0.003047,-26.739,best,73304,86307,6671421
Etal,Hera,Hsar,Hpar,-0.6562,0.00311,-100,-,86218,415255,6671421
Etal,Hsar,Hera,Hpar,-0.7025,0.002885,-100,-,72573,415255,6671421
Etal,Hpar,Hera,Hsar,-0.0859,0.002627,-32.706,best,72573,86218,6671421
Etal,Hera,Hsar,Hnum,-0.6548,0.003133,-100,-,86168,413030,6671421
Etal,Hsar,Hera,Hnum,-0.703,0.002976,-100,-,72042,413030,6671421
Etal,Hnum,Hera,Hsar,-0.0893,0.002674,-33.392,best,72042,86168,6671421
Etal,Hera,Hsar,Htim,-0.657,0.003209,-100,-,85597,413507,6671421
Etal,Hsar,Hera,Htim,-0.7022,0.002803,-100,-,72348,413507,6671421
Etal,Htim,Hera,Hsar,-0.0839,0.003076,-27.27,best,72348,85597,6671421
Etal,Hera,Hsar,Hcyd,-0.6568,0.003154,-100,-,85501,412720,6671421
Etal,Hsar,Hera,Hcyd,-0.7027,0.002721,-100,-,72081,412720,6671421
Etal,Hcyd,Hera,Hsar,-0.0852,0.002693,-31.62,best,72081,85501,6671421
Etal,Hera,Hsar,Hmel,-0.657,0.003201,-100,-,85709,414091,6671421
Etal,Hsar,Hera,Hmel,-0.7023,0.002803,-100,-,72426,414091,6671421
Etal,Hmel,Hera,Hsar,-0.084,0.00301,-27.908,best,72426,85709,6671421
Etal,Hera,Hdem,Ldor,-0.7142,0.002578,-100,-,71701,430108,6671421
Etal,Hdem,Hera,Ldor,-0.7199,0.00244,-100,-,70049,430108,6671421
Etal,Ldor,Hera,Hdem,-0.0117,0.003028,-3.849,best,70049,71701,6671421
Etal,Hera,Hdem,Hbes,-0.708,0.00264,-100,-,71662,419122,6671421
Etal,Hdem,Hera,Hbes,-0.7195,0.0024,-100,-,68364,419122,6671421
Etal,Hbes,Hera,Hdem,-0.0236,0.00259,-9.097,best,68364,71662,6671421
Etal,Hera,Hdem,Hpar,-0.7061,0.002603,-100,-,71741,416510,6671421
Etal,Hdem,Hera,Hpar,-0.7197,0.002511,-100,-,67880,416510,6671421
Etal,Hpar,Hera,Hdem,-0.0277,0.002726,-10.148,best,67880,71741,6671421
Etal,Hera,Hdem,Hnum,-0.705,0.00261,-100,-,71694,414288,6671421
Etal,Hdem,Hera,Hnum,-0.7199,0.002698,-100,-,67462,414288,6671421
Etal,Hnum,Hera,Hdem,-0.0304,0.002602,-11.688,best,67462,71694,6671421
Etal,Hera,Hdem,Htim,-0.7075,0.002682,-100,-,71050,414692,6671421
Etal,Hdem,Hera,Htim,-0.7196,0.00259,-100,-,67629,414692,6671421
Etal,Htim,Hera,Hdem,-0.0247,0.002636,-9.362,best,67629,71050,6671421
Etal,Hera,Hdem,Hcyd,-0.7075,0.002683,-100,-,70908,413859,6671421
Etal,Hdem,Hera,Hcyd,-0.7196,0.002646,-100,-,67491,413859,6671421
Etal,Hcyd,Hera,Hdem,-0.0247,0.002576,-9.586,best,67491,70908,6671421
Etal,Hera,Hdem,Hmel,-0.7072,0.00272,-100,-,71240,415354,6671421
Etal,Hdem,Hera,Hmel,-0.72,0.002666,-100,-,67622,415354,6671421
Etal,Hmel,Hera,Hdem,-0.0261,0.002496,-10.441,best,67622,71240,6671421
Etal,Hera,Ldor,Hbes,0.0431,0.003848,11.199,best,132495,121548,6671421
Etal,Ldor,Hera,Hbes,0.3927,0.004443,88.389,-,278726,121548,6671421
Etal,Hbes,Hera,Ldor,0.3556,0.003953,89.96,-,278726,132495,6671421
Etal,Hera,Ldor,Hpar,0.0544,0.003958,13.734,best,132290,118652,6671421
Etal,Ldor,Hera,Hpar,0.4012,0.004325,92.754,-,277637,118652,6671421
Etal,Hpar,Hera,Ldor,0.3546,0.003689,96.124,-,277637,132290,6671421
Etal,Hera,Ldor,Hnum,0.0638,0.003821,16.704,best,131808,115995,6671421
Etal,Ldor,Hera,Hnum,0.4099,0.004335,94.566,-,277157,115995,6671421
Etal,Hnum,Hera,Ldor,0.3554,0.003947,90.05,-,277157,131808,6671421
Etal,Hera,Ldor,Htim,0.0597,0.003904,15.296,best,131032,116267,6671421
Etal,Ldor,Hera,Htim,0.409,0.004093,99.932,-,277176,116267,6671421
Etal,Htim,Hera,Ldor,0.358,0.003689,97.056,-,277176,131032,6671421
Etal,Hera,Ldor,Hcyd,0.0628,0.003927,15.996,best,130776,115320,6671421
Etal,Ldor,Hera,Hcyd,0.4125,0.004139,99.661,-,277227,115320,6671421
Etal,Hcyd,Hera,Ldor,0.359,0.003708,96.808,-,277227,130776,6671421
Etal,Hera,Ldor,Hmel,0.0577,0.004132,13.956,best,131072,116779,6671421
Etal,Ldor,Hera,Hmel,0.4072,0.004424,92.034,-,277171,116779,6671421
Etal,Hmel,Hera,Ldor,0.3579,0.003704,96.616,-,277171,131072,6671421
Etal,Hera,Hbes,Hpar,0.0281,0.003411,8.252,best,49145,46454,6671421
Etal,Hbes,Hera,Hpar,0.8551,0.001526,100,-,594762,46454,6671421
Etal,Hpar,Hera,Hbes,0.8474,0.001626,100,-,594762,49145,6671421
Etal,Hera,Hbes,Hnum,0.055,0.003628,15.161,best,46670,41804,6671421
Etal,Hbes,Hera,Hnum,0.8707,0.001887,100,-,604556,41804,6671421
Etal,Hnum,Hera,Hbes,0.8567,0.002114,100,-,604556,46670,6671421
Etal,Hera,Hbes,Htim,0.0384,0.004018,9.559,best,51616,47798,6671421
Etal,Hbes,Hera,Htim,0.8464,0.001466,100,-,574620,47798,6671421
Etal,Htim,Hera,Hbes,0.8352,0.001949,100,-,574620,51616,6671421
Etal,Hera,Hbes,Hcyd,0.0454,0.003424,13.249,best,51958,47449,6671421
Etal,Hbes,Hera,Hcyd,0.8469,0.001579,100,-,572200,47449,6671421
Etal,Hcyd,Hera,Hbes,0.8335,0.001863,100,-,572200,51958,6671421
Etal,Hera,Hbes,Hmel,0.0334,0.004064,8.208,best,51811,48465,6671421
Etal,Hbes,Hera,Hmel,0.8446,0.001769,100,-,575053,48465,6671421
Etal,Hmel,Hera,Hbes,0.8347,0.001863,100,-,575053,51811,6671421
Etal,Hera,Hpar,Hnum,0.0271,0.002662,10.184,best,41195,39020,6671421
Etal,Hpar,Hera,Hnum,0.8809,0.001718,100,-,615945,39020,6671421
Etal,Hnum,Hera,Hpar,0.8746,0.001807,100,-,615945,41195,6671421
Etal,Hera,Hpar,Htim,0.0133,0.003667,3.631,best,42881,41754,6671421
Etal,Hpar,Hera,Htim,0.8703,0.002348,100,-,602204,41754,6671421
Etal,Htim,Hera,Hpar,0.8671,0.002601,100,-,602204,42881,6671421
Etal,Hera,Hpar,Hcyd,0.021,0.003491,6.018,best,44176,42358,6671421
Etal,Hpar,Hera,Hcyd,0.8672,0.00247,100,-,595297,42358,6671421
Etal,Hcyd,Hera,Hpar,0.8619,0.002614,100,-,595297,44176,6671421
Etal,Hera,Hpar,Hmel,0.0078,0.004556,1.713,best,42342,41687,6671421
Etal,Hpar,Hera,Hmel,0.8711,0.002106,100,-,605235,41687,6671421
Etal,Hmel,Hera,Hpar,0.8693,0.002366,100,-,605235,42342,6671421
Etal,Hera,Hnum,Htim,-0.0118,0.003121,-3.796,best,43696,44744,6671421
Etal,Hnum,Hera,Htim,0.8578,0.001616,100,-,584563,44744,6671421
Etal,Htim,Hera,Hnum,0.8609,0.001866,100,-,584563,43696,6671421
Etal,Hera,Hnum,Hcyd,-0.004,0.003184,-1.259,best,44312,44669,6671421
Etal,Hnum,Hera,Hcyd,0.857,0.001569,100,-,580239,44669,6671421
Etal,Hcyd,Hera,Hnum,0.8581,0.001703,100,-,580239,44312,6671421
Etal,Hera,Hnum,Hmel,-0.0171,0.004532,-3.783,best,43591,45111,6671421
Etal,Hnum,Hera,Hmel,0.857,0.001823,100,-,585628,45111,6671421
Etal,Hmel,Hera,Hnum,0.8615,0.001722,100,-,585628,43591,6671421
Etal,Hera,Htim,Hcyd,0.0129,0.004768,2.715,best,27102,26411,6671421
Etal,Htim,Hera,Hcyd,0.9244,0.0023,100,-,671902,26411,6671421
Etal,Hcyd,Hera,Htim,0.9225,0.002457,100,-,671902,27102,6671421
Etal,Hera,Htim,Hmel,-0.0081,0.005425,-1.492,best,28765,29237,6671421
Etal,Htim,Hera,Hmel,0.9156,0.001795,100,-,663765,29237,6671421
Etal,Hmel,Hera,Htim,0.9169,0.001993,100,-,663765,28765,6671421
Etal,Hera,Hcyd,Hmel,-0.02,0.004885,-4.097,best,28449,29612,6671421
Etal,Hcyd,Hera,Hmel,0.9143,0.001701,100,-,661388,29612,6671421
Etal,Hmel,Hera,Hcyd,0.9175,0.001764,100,-,661388,28449,6671421
Etal,Hhim,HeraHhimHyb,Hsar,-0.8794,0.002809,-100,-,21625,336970,6671421
Etal,HeraHhimHyb,Hhim,Hsar,-0.8789,0.003211,-100,-,21711,336970,6671421
Etal,Hsar,Hhim,HeraHhimHyb,0.002,0.005295,0.383,best,21711,21625,6671421
Etal,Hhim,HeraHhimHyb,Hdem,-0.876,0.002883,-100,-,21190,320681,6671421
Etal,HeraHhimHyb,Hhim,Hdem,-0.8759,0.003332,-100,-,21222,320681,6671421
Etal,Hdem,Hhim,HeraHhimHyb,0.0008,0.00449,0.178,best,21222,21190,6671421
Etal,Hhim,HeraHhimHyb,Ldor,-0.9418,0.001276,-100,-,20351,678633,6671421
Etal,HeraHhimHyb,Hhim,Ldor,-0.9412,0.001434,-100,-,20542,678633,6671421
Etal,Ldor,Hhim,HeraHhimHyb,0.0047,0.005559,0.843,best,20542,20351,6671421
Etal,Hhim,HeraHhimHyb,Hbes,-0.9412,0.00122,-100,-,20222,667131,6671421
Etal,HeraHhimHyb,Hhim,Hbes,-0.9416,0.001297,-100,-,20075,667131,6671421
Etal,Hbes,Hhim,HeraHhimHyb,-0.0036,0.003946,-0.924,best,20075,20222,6671421
Etal,Hhim,HeraHhimHyb,Hpar,-0.9413,0.001194,-100,-,20083,664428,6671421
Etal,HeraHhimHyb,Hhim,Hpar,-0.9417,0.001354,-100,-,19967,664428,6671421
Etal,Hpar,Hhim,HeraHhimHyb,-0.0029,0.005068,-0.569,best,19967,20083,6671421
Etal,Hhim,HeraHhimHyb,Hnum,-0.9415,0.001237,-100,-,19944,662331,6671421
Etal,HeraHhimHyb,Hhim,Hnum,-0.9415,0.001316,-100,-,19947,662331,6671421
Etal,Hnum,Hhim,HeraHhimHyb,0.0001,0.004185,0.02,best,19947,19944,6671421
Etal,Hhim,HeraHhimHyb,Htim,-0.9416,0.001231,-100,-,19937,663132,6671421
Etal,HeraHhimHyb,Hhim,Htim,-0.9418,0.001288,-100,-,19884,663132,6671421
Etal,Htim,Hhim,HeraHhimHyb,-0.0013,0.004232,-0.313,best,19884,19937,6671421
Etal,Hhim,HeraHhimHyb,Hcyd,-0.9417,0.001215,-100,-,19906,662584,6671421
Etal,HeraHhimHyb,Hhim,Hcyd,-0.9419,0.001331,-100,-,19831,662584,6671421
Etal,Hcyd,Hhim,HeraHhimHyb,-0.0019,0.004419,-0.425,best,19831,19906,6671421
Etal,Hhim,HeraHhimHyb,Hmel,-0.9418,0.001176,-100,-,19903,663709,6671421
Etal,HeraHhimHyb,Hhim,Hmel,-0.9418,0.001327,-100,-,19877,663709,6671421
Etal,Hmel,Hhim,HeraHhimHyb,-0.0006,0.004062,-0.157,best,19877,19903,6671421
Etal,Hhim,Hsar,Hdem,0.1304,0.003599,36.237,best,68700,52846,6671421
Etal,Hsar,Hhim,Hdem,0.517,0.00368,100,-,165996,52846,6671421
Etal,Hdem,Hhim,Hsar,0.4146,0.004075,100,-,165996,68700,6671421
Etal,Hhim,Hsar,Ldor,-0.6666,0.003238,-100,-,85774,428711,6671421
Etal,Hsar,Hhim,Ldor,-0.7015,0.0025,-100,-,75229,428711,6671421
Etal,Ldor,Hhim,Hsar,-0.0655,0.002934,-22.318,best,75229,85774,6671421
Etal,Hhim,Hsar,Hbes,-0.6571,0.003078,-100,-,86513,418077,6671421
Etal,Hsar,Hhim,Hbes,-0.7028,0.002727,-100,-,72965,418077,6671421
Etal,Hbes,Hhim,Hsar,-0.085,0.002849,-29.814,best,72965,86513,6671421
Etal,Hhim,Hsar,Hpar,-0.6557,0.003035,-100,-,86388,415388,6671421
Etal,Hsar,Hhim,Hpar,-0.7034,0.002979,-100,-,72325,415388,6671421
Etal,Hpar,Hhim,Hsar,-0.0886,0.00278,-31.872,best,72325,86388,6671421
Etal,Hhim,Hsar,Hnum,-0.6551,0.003102,-100,-,86105,413147,6671421
Etal,Hsar,Hhim,Hnum,-0.704,0.002992,-100,-,71778,413147,6671421
Etal,Hnum,Hhim,Hsar,-0.0907,0.002529,-35.874,best,71778,86105,6671421
Etal,Hhim,Hsar,Htim,-0.6567,0.003131,-100,-,85699,413549,6671421
Etal,Hsar,Hhim,Htim,-0.7034,0.002895,-100,-,72009,413549,6671421
Etal,Htim,Hhim,Hsar,-0.0868,0.00311,-27.915,best,72009,85699,6671421
Etal,Hhim,Hsar,Hcyd,-0.6569,0.00308,-100,-,85493,412826,6671421
Etal,Hsar,Hhim,Hcyd,-0.7037,0.002822,-100,-,71806,412826,6671421
Etal,Hcyd,Hhim,Hsar,-0.087,0.002503,-34.763,best,71806,85493,6671421
Etal,Hhim,Hsar,Hmel,-0.6571,0.003098,-100,-,85711,414172,6671421
Etal,Hsar,Hhim,Hmel,-0.7034,0.002889,-100,-,72126,414172,6671421
Etal,Hmel,Hhim,Hsar,-0.0861,0.002971,-28.973,best,72126,85711,6671421
Etal,Hhim,Hdem,Ldor,-0.7156,0.002516,-100,-,71318,430109,6671421
Etal,Hdem,Hhim,Ldor,-0.7216,0.00251,-100,-,69547,430109,6671421
Etal,Ldor,Hhim,Hdem,-0.0126,0.002893,-4.345,best,69547,71318,6671421
Etal,Hhim,Hdem,Hbes,-0.7072,0.002402,-100,-,71936,419354,6671421
Etal,Hdem,Hhim,Hbes,-0.7206,0.002403,-100,-,68093,419354,6671421
Etal,Hbes,Hhim,Hdem,-0.0274,0.002366,-11.603,best,68093,71936,6671421
Etal,Hhim,Hdem,Hpar,-0.7058,0.002423,-100,-,71895,416749,6671421
Etal,Hdem,Hhim,Hpar,-0.7208,0.002533,-100,-,67616,416749,6671421
Etal,Hpar,Hhim,Hdem,-0.0307,0.00229,-13.394,best,67616,71895,6671421
Etal,Hhim,Hdem,Hnum,-0.7053,0.002469,-100,-,71648,414544,6671421
Etal,Hdem,Hhim,Hnum,-0.721,0.002708,-100,-,67215,414544,6671421
Etal,Hnum,Hhim,Hdem,-0.0319,0.00224,-14.251,best,67215,71648,6671421
Etal,Hhim,Hdem,Htim,-0.7073,0.002534,-100,-,71130,414834,6671421
Etal,Hdem,Hhim,Htim,-0.721,0.002658,-100,-,67268,414834,6671421
Etal,Htim,Hhim,Hdem,-0.0279,0.002741,-10.183,best,67268,71130,6671421
Etal,Hhim,Hdem,Hcyd,-0.7076,0.002527,-100,-,70896,414083,6671421
Etal,Hdem,Hhim,Hcyd,-0.7207,0.002688,-100,-,67212,414083,6671421
Etal,Hcyd,Hhim,Hdem,-0.0267,0.002698,-9.89,best,67212,70896,6671421
Etal,Hhim,Hdem,Hmel,-0.7073,0.002528,-100,-,71249,415564,6671421
Etal,Hdem,Hhim,Hmel,-0.7212,0.002713,-100,-,67329,415564,6671421
Etal,Hmel,Hhim,Hdem,-0.0283,0.00275,-10.289,best,67329,71249,6671421
Etal,Hhim,Ldor,Hbes,0.0448,0.003917,11.428,best,132734,121361,6671421
Etal,Ldor,Hhim,Hbes,0.3929,0.004735,82.967,-,278420,121361,6671421
Etal,Hbes,Hhim,Ldor,0.3543,0.003859,91.829,-,278420,132734,6671421
Etal,Hhim,Ldor,Hpar,0.0555,0.004036,13.76,best,132461,118524,6671421
Etal,Ldor,Hhim,Hpar,0.4013,0.004558,88.031,-,277390,118524,6671421
Etal,Hpar,Hhim,Ldor,0.3536,0.003691,95.805,-,277390,132461,6671421
Etal,Hhim,Ldor,Hnum,0.0642,0.003807,16.859,best,131784,115889,6671421
Etal,Ldor,Hhim,Hnum,0.41,0.004555,90.011,-,276932,115889,6671421
Etal,Hnum,Hhim,Ldor,0.3551,0.003928,90.406,-,276932,131784,6671421
Etal,Hhim,Ldor,Htim,0.061,0.00367,16.63,best,131160,116073,6671421
Etal,Ldor,Hhim,Htim,0.4092,0.00431,94.95,-,276863,116073,6671421
Etal,Htim,Hhim,Ldor,0.3571,0.00367,97.316,-,276863,131160,6671421
Etal,Hhim,Ldor,Hcyd,0.0635,0.003974,15.967,best,130766,115162,6671421
Etal,Ldor,Hhim,Hcyd,0.4126,0.004366,94.504,-,276950,115162,6671421
Etal,Hcyd,Hhim,Ldor,0.3586,0.003745,95.754,-,276950,130766,6671421
Etal,Hhim,Ldor,Hmel,0.0584,0.004071,14.359,best,131084,116608,6671421
Etal,Ldor,Hhim,Hmel,0.4073,0.004681,87.013,-,276881,116608,6671421
Etal,Hmel,Hhim,Ldor,0.3574,0.003722,96.03,-,276881,131084,6671421
Etal,Hhim,Hbes,Hpar,0.0268,0.003484,7.691,best,49128,46564,6671421
Etal,Hbes,Hhim,Hpar,0.8547,0.001504,100,-,594327,46564,6671421
Etal,Hpar,Hhim,Hbes,0.8473,0.001647,100,-,594327,49128,6671421
Etal,Hhim,Hbes,Hnum,0.051,0.003763,13.556,best,46579,42057,6671421
Etal,Hbes,Hhim,Hnum,0.8699,0.001873,100,-,604264,42057,6671421
Etal,Hnum,Hhim,Hbes,0.8569,0.002131,100,-,604264,46579,6671421
Etal,Hhim,Hbes,Htim,0.0373,0.003669,10.157,best,51680,47966,6671421
Etal,Hbes,Hhim,Htim,0.8458,0.001564,100,-,574243,47966,6671421
Etal,Htim,Hhim,Hbes,0.8349,0.001894,100,-,574243,51680,6671421
Etal,Hhim,Hbes,Hcyd,0.0425,0.003433,12.376,best,51911,47680,6671421
Etal,Hbes,Hhim,Hcyd,0.8461,0.00165,100,-,571886,47680,6671421
Etal,Hcyd,Hhim,Hbes,0.8336,0.00194,100,-,571886,51911,6671421
Etal,Hhim,Hbes,Hmel,0.0309,0.003469,8.903,best,51781,48678,6671421
Etal,Hbes,Hhim,Hmel,0.8438,0.001805,100,-,574721,48678,6671421
Etal,Hmel,Hhim,Hbes,0.8347,0.001868,100,-,574721,51781,6671421
Etal,Hhim,Hpar,Hnum,0.0244,0.002511,9.699,best,41165,39207,6671421
Etal,Hpar,Hhim,Hnum,0.8803,0.00167,100,-,615714,39207,6671421
Etal,Hnum,Hhim,Hpar,0.8747,0.001765,100,-,615714,41165,6671421
Etal,Hhim,Hpar,Htim,0.0136,0.003289,4.121,best,42991,41841,6671421
Etal,Hpar,Hhim,Htim,0.87,0.002407,100,-,601873,41841,6671421
Etal,Htim,Hhim,Hpar,0.8667,0.00256,100,-,601873,42991,6671421
Etal,Hhim,Hpar,Hcyd,0.0192,0.003547,5.425,best,44147,42480,6671421
Etal,Hpar,Hhim,Hcyd,0.8668,0.002552,100,-,595001,42480,6671421
Etal,Hcyd,Hhim,Hpar,0.8619,0.002612,100,-,595001,44147,6671421
Etal,Hhim,Hpar,Hmel,0.0064,0.004473,1.431,best,42377,41838,6671421
Etal,Hpar,Hhim,Hmel,0.8707,0.002158,100,-,604968,41838,6671421
Etal,Hmel,Hhim,Hpar,0.8691,0.002274,100,-,604968,42377,6671421
Etal,Hhim,Hnum,Htim,-0.0091,0.002871,-3.178,best,43894,44702,6671421
Etal,Hnum,Hhim,Htim,0.8579,0.00171,100,-,584320,44702,6671421
Etal,Htim,Hhim,Hnum,0.8603,0.001714,100,-,584320,43894,6671421
Etal,Hhim,Hnum,Hcyd,-0.0033,0.00355,-0.92,best,44366,44657,6671421
Etal,Hnum,Hhim,Hcyd,0.857,0.00169,100,-,580026,44657,6671421
Etal,Hcyd,Hhim,Hnum,0.8579,0.001685,100,-,580026,44366,6671421
Etal,Hhim,Hnum,Hmel,-0.016,0.004421,-3.615,best,43712,45131,6671421
Etal,Hnum,Hhim,Hmel,0.8569,0.001859,100,-,585447,45131,6671421
Etal,Hmel,Hhim,Hnum,0.8611,0.001629,100,-,585447,43712,6671421
Etal,Hhim,Htim,Hcyd,0.0097,0.004421,2.19,best,27010,26493,6671421
Etal,Htim,Hhim,Hcyd,0.9241,0.002295,100,-,671543,26493,6671421
Etal,Hcyd,Hhim,Htim,0.9227,0.002383,100,-,671543,27010,6671421
Etal,Hhim,Htim,Hmel,-0.0105,0.005577,-1.877,best,28773,29384,6671421
Etal,Htim,Hhim,Hmel,0.9152,0.001775,100,-,663471,29384,6671421
Etal,Hmel,Hhim,Htim,0.9169,0.001937,100,-,663471,28773,6671421
Etal,Hhim,Hcyd,Hmel,-0.0194,0.004337,-4.468,best,28514,29642,6671421
Etal,Hcyd,Hhim,Hmel,0.9142,0.001672,100,-,661151,29642,6671421
Etal,Hmel,Hhim,Hcyd,0.9173,0.001751,100,-,661151,28514,6671421
Etal,HeraHhimHyb,Hsar,Hdem,0.1299,0.003917,33.17,best,68706,52906,6671421
Etal,Hsar,HeraHhimHyb,Hdem,0.5166,0.003789,100,-,165970,52906,6671421
Etal,Hdem,HeraHhimHyb,Hsar,0.4145,0.003962,100,-,165970,68706,6671421
Etal,HeraHhimHyb,Hsar,Ldor,-0.6664,0.003249,-100,-,85839,428671,6671421
Etal,Hsar,HeraHhimHyb,Ldor,-0.7019,0.002536,-100,-,75103,428671,6671421
Etal,Ldor,HeraHhimHyb,Hsar,-0.0667,0.002844,-23.455,best,75103,85839,6671421
Etal,HeraHhimHyb,Hsar,Hbes,-0.6582,0.003154,-100,-,86164,417961,6671421
Etal,Hsar,HeraHhimHyb,Hbes,-0.7035,0.00279,-100,-,72763,417961,6671421
Etal,Hbes,HeraHhimHyb,Hsar,-0.0843,0.002917,-28.905,best,72763,86164,6671421
Etal,HeraHhimHyb,Hsar,Hpar,-0.6567,0.003176,-100,-,86075,415277,6671421
Etal,Hsar,HeraHhimHyb,Hpar,-0.7041,0.003038,-100,-,72128,415277,6671421
Etal,Hpar,HeraHhimHyb,Hsar,-0.0882,0.003014,-29.248,best,72128,86075,6671421
Etal,HeraHhimHyb,Hsar,Hnum,-0.6558,0.003151,-100,-,85864,412989,6671421
Etal,Hsar,HeraHhimHyb,Hnum,-0.7047,0.003076,-100,-,71534,412989,6671421
Etal,Hnum,HeraHhimHyb,Hsar,-0.091,0.002733,-33.314,best,71534,85864,6671421
Etal,HeraHhimHyb,Hsar,Htim,-0.6575,0.003178,-100,-,85435,413424,6671421
Etal,Hsar,HeraHhimHyb,Htim,-0.7041,0.00295,-100,-,71798,413424,6671421
Etal,Htim,HeraHhimHyb,Hsar,-0.0867,0.003102,-27.955,best,71798,85435,6671421
Etal,HeraHhimHyb,Hsar,Hcyd,-0.6579,0.003147,-100,-,85145,412639,6671421
Etal,Hsar,HeraHhimHyb,Hcyd,-0.7045,0.002831,-100,-,71533,412639,6671421
Etal,Hcyd,HeraHhimHyb,Hsar,-0.0869,0.002679,-32.429,best,71533,85145,6671421
Etal,HeraHhimHyb,Hsar,Hmel,-0.6578,0.003254,-100,-,85477,414050,6671421
Etal,Hsar,HeraHhimHyb,Hmel,-0.704,0.002969,-100,-,71918,414050,6671421
Etal,Hmel,HeraHhimHyb,Hsar,-0.0861,0.003091,-27.87,best,71918,85477,6671421
Etal,HeraHhimHyb,Hdem,Ldor,-0.7151,0.002529,-100,-,71456,430088,6671421
Etal,Hdem,HeraHhimHyb,Ldor,-0.7218,0.002537,-100,-,69494,430088,6671421
Etal,Ldor,HeraHhimHyb,Hdem,-0.0139,0.003223,-4.32,best,69494,71456,6671421
Etal,HeraHhimHyb,Hdem,Hbes,-0.7082,0.002414,-100,-,71626,419223,6671421
Etal,Hdem,HeraHhimHyb,Hbes,-0.7211,0.002469,-100,-,67930,419223,6671421
Etal,Hbes,HeraHhimHyb,Hdem,-0.0265,0.002648,-10.002,best,67930,71626,6671421
Etal,HeraHhimHyb,Hdem,Hpar,-0.7067,0.002557,-100,-,71615,416617,6671421
Etal,Hdem,HeraHhimHyb,Hpar,-0.7213,0.00259,-100,-,67452,416617,6671421
Etal,Hpar,HeraHhimHyb,Hdem,-0.0299,0.002817,-10.629,best,67452,71615,6671421
Etal,HeraHhimHyb,Hdem,Hnum,-0.7059,0.002502,-100,-,71436,414361,6671421
Etal,Hdem,HeraHhimHyb,Hnum,-0.7216,0.002774,-100,-,67000,414361,6671421
Etal,Hnum,HeraHhimHyb,Hdem,-0.032,0.002594,-12.356,best,67000,71436,6671421
Etal,HeraHhimHyb,Hdem,Htim,-0.7079,0.002558,-100,-,70935,414724,6671421
Etal,Hdem,HeraHhimHyb,Htim,-0.7214,0.00272,-100,-,67126,414724,6671421
Etal,Htim,HeraHhimHyb,Hdem,-0.0276,0.002875,-9.599,best,67126,70935,6671421
Etal,HeraHhimHyb,Hdem,Hcyd,-0.7085,0.002582,-100,-,70610,413904,6671421
Etal,Hdem,HeraHhimHyb,Hcyd,-0.7214,0.002719,-100,-,67001,413904,6671421
Etal,Hcyd,HeraHhimHyb,Hdem,-0.0262,0.002957,-8.872,best,67001,70610,6671421
Etal,HeraHhimHyb,Hdem,Hmel,-0.708,0.002662,-100,-,71028,415401,6671421
Etal,Hdem,HeraHhimHyb,Hmel,-0.7218,0.002784,-100,-,67134,415401,6671421
Etal,Hmel,HeraHhimHyb,Hdem,-0.0282,0.002904,-9.707,best,67134,71028,6671421
Etal,HeraHhimHyb,Ldor,Hbes,0.0435,0.003772,11.522,best,132468,121433,6671421
Etal,Ldor,HeraHhimHyb,Hbes,0.3925,0.004505,87.124,-,278301,121433,6671421
Etal,Hbes,HeraHhimHyb,Ldor,0.355,0.003902,90.997,-,278301,132468,6671421
Etal,HeraHhimHyb,Ldor,Hpar,0.0544,0.003854,14.105,best,132198,118568,6671421
Etal,Ldor,HeraHhimHyb,Hpar,0.4009,0.004356,92.03,-,277243,118568,6671421
Etal,Hpar,HeraHhimHyb,Ldor,0.3543,0.003805,93.114,-,277243,132198,6671421
Etal,HeraHhimHyb,Ldor,Hnum,0.0635,0.003708,17.12,best,131579,115872,6671421
Etal,Ldor,HeraHhimHyb,Hnum,0.4097,0.004393,93.278,-,276724,115872,6671421
Etal,Hnum,HeraHhimHyb,Ldor,0.3555,0.00398,89.329,-,276724,131579,6671421
Etal,HeraHhimHyb,Ldor,Htim,0.0601,0.003608,16.652,best,130971,116128,6671421
Etal,Ldor,HeraHhimHyb,Htim,0.4088,0.004169,98.062,-,276727,116128,6671421
Etal,Htim,HeraHhimHyb,Ldor,0.3575,0.003757,95.149,-,276727,130971,6671421
Etal,HeraHhimHyb,Ldor,Hcyd,0.0624,0.003837,16.271,best,130513,115175,6671421
Etal,Ldor,HeraHhimHyb,Hcyd,0.4123,0.004193,98.345,-,276772,115175,6671421
Etal,Hcyd,HeraHhimHyb,Ldor,0.3591,0.003845,93.391,-,276772,130513,6671421
Etal,HeraHhimHyb,Ldor,Hmel,0.0576,0.003917,14.705,best,130922,116663,6671421
Etal,Ldor,HeraHhimHyb,Hmel,0.4069,0.004487,90.694,-,276745,116663,6671421
Etal,Hmel,HeraHhimHyb,Ldor,0.3577,0.003768,94.942,-,276745,130922,6671421
Etal,HeraHhimHyb,Hbes,Hpar,0.0271,0.003359,8.081,best,49101,46506,6671421
Etal,Hbes,HeraHhimHyb,Hpar,0.8549,0.001435,100,-,594416,46506,6671421
Etal,Hpar,HeraHhimHyb,Hbes,0.8474,0.001596,100,-,594416,49101,6671421
Etal,HeraHhimHyb,Hbes,Hnum,0.0529,0.004093,12.915,best,46527,41855,6671421
Etal,Hbes,HeraHhimHyb,Hnum,0.8705,0.001877,100,-,604209,41855,6671421
Etal,Hnum,HeraHhimHyb,Hbes,0.857,0.002142,100,-,604209,46527,6671421
Etal,HeraHhimHyb,Hbes,Htim,0.0383,0.004002,9.567,best,51628,47820,6671421
Etal,Hbes,HeraHhimHyb,Htim,0.8463,0.001484,100,-,574244,47820,6671421
Etal,Htim,HeraHhimHyb,Hbes,0.835,0.001865,100,-,574244,51628,6671421
Etal,HeraHhimHyb,Hbes,Hcyd,0.0433,0.003765,11.496,best,51861,47558,6671421
Etal,Hbes,HeraHhimHyb,Hcyd,0.8465,0.001586,100,-,571911,47558,6671421
Etal,Hcyd,HeraHhimHyb,Hbes,0.8337,0.001918,100,-,571911,51861,6671421
Etal,HeraHhimHyb,Hbes,Hmel,0.0321,0.003992,8.048,best,51771,48547,6671421
Etal,Hbes,HeraHhimHyb,Hmel,0.8442,0.001743,100,-,574737,48547,6671421
Etal,Hmel,HeraHhimHyb,Hbes,0.8347,0.001823,100,-,574737,51771,6671421
Etal,HeraHhimHyb,Hpar,Hnum,0.0259,0.002633,9.829,best,41159,39082,6671421
Etal,Hpar,HeraHhimHyb,Hnum,0.8806,0.001669,100,-,615705,39082,6671421
Etal,Hnum,HeraHhimHyb,Hpar,0.8747,0.001779,100,-,615705,41159,6671421
Etal,HeraHhimHyb,Hpar,Htim,0.0143,0.003375,4.24,best,42976,41763,6671421
Etal,Hpar,HeraHhimHyb,Htim,0.8703,0.002403,100,-,601911,41763,6671421
Etal,Htim,HeraHhimHyb,Hpar,0.8667,0.002554,100,-,601911,42976,6671421
Etal,HeraHhimHyb,Hpar,Hcyd,0.0197,0.003465,5.695,best,44128,42420,6671421
Etal,Hpar,HeraHhimHyb,Hcyd,0.8669,0.002524,100,-,595057,42420,6671421
Etal,Hcyd,HeraHhimHyb,Hpar,0.862,0.002636,100,-,595057,44128,6671421
Etal,HeraHhimHyb,Hpar,Hmel,0.0075,0.004214,1.775,best,42377,41748,6671421
Etal,Hpar,HeraHhimHyb,Hmel,0.8709,0.002114,100,-,604994,41748,6671421
Etal,Hmel,HeraHhimHyb,Hpar,0.8691,0.0023,100,-,604994,42377,6671421
Etal,HeraHhimHyb,Hnum,Htim,-0.0098,0.002968,-3.292,best,43778,44642,6671421
Etal,Hnum,HeraHhimHyb,Htim,0.858,0.001701,100,-,584257,44642,6671421
Etal,Htim,HeraHhimHyb,Hnum,0.8606,0.001775,100,-,584257,43778,6671421
Etal,HeraHhimHyb,Hnum,Hcyd,-0.0042,0.00363,-1.144,best,44208,44577,6671421
Etal,Hnum,HeraHhimHyb,Hcyd,0.8573,0.001638,100,-,579943,44577,6671421
Etal,Hcyd,HeraHhimHyb,Hnum,0.8584,0.001746,100,-,579943,44208,6671421
Etal,HeraHhimHyb,Hnum,Hmel,-0.0164,0.004515,-3.622,best,43575,45023,6671421
Etal,Hnum,HeraHhimHyb,Hmel,0.8572,0.001833,100,-,585336,45023,6671421
Etal,Hmel,HeraHhimHyb,Hnum,0.8614,0.001669,100,-,585336,43575,6671421
Etal,HeraHhimHyb,Htim,Hcyd,0.0093,0.004385,2.116,best,26984,26489,6671421
Etal,Htim,HeraHhimHyb,Hcyd,0.9241,0.002314,100,-,671592,26489,6671421
Etal,Hcyd,HeraHhimHyb,Htim,0.9228,0.002428,100,-,671592,26984,6671421
Etal,HeraHhimHyb,Htim,Hmel,-0.01,0.005513,-1.816,best,28753,29337,6671421
Etal,Htim,HeraHhimHyb,Hmel,0.9153,0.001771,100,-,663477,29337,6671421
Etal,Hmel,HeraHhimHyb,Htim,0.9169,0.001967,100,-,663477,28753,6671421
Etal,HeraHhimHyb,Hcyd,Hmel,-0.0186,0.004587,-4.048,best,28483,29562,6671421
Etal,Hcyd,HeraHhimHyb,Hmel,0.9144,0.001666,100,-,661146,29562,6671421
Etal,Hmel,HeraHhimHyb,Hcyd,0.9174,0.001755,100,-,661146,28483,6671421
Etal,Hsar,Hdem,Ldor,-0.8139,0.001275,-100,-,53356,519988,6671421
Etal,Hdem,Hsar,Ldor,-0.7866,0.001944,-100,-,62130,519988,6671421
Etal,Ldor,Hsar,Hdem,0.076,0.003338,22.761,best,62130,53356,6671421
Etal,Hsar,Hdem,Hbes,-0.8161,0.001458,-100,-,51649,509911,6671421
Etal,Hdem,Hsar,Hbes,-0.7852,0.001859,-100,-,61354,509911,6671421
Etal,Hbes,Hsar,Hdem,0.0859,0.003959,21.691,best,61354,51649,6671421
Etal,Hsar,Hdem,Hpar,-0.817,0.001442,-100,-,51107,507320,6671421
Etal,Hdem,Hsar,Hpar,-0.7857,0.001834,-100,-,60891,507320,6671421
Etal,Hpar,Hsar,Hdem,0.0874,0.003586,24.363,best,60891,51107,6671421
Etal,Hsar,Hdem,Hnum,-0.8172,0.001595,-100,-,50825,505344,6671421
Etal,Hdem,Hsar,Hnum,-0.7855,0.00203,-100,-,60719,505344,6671421
Etal,Hnum,Hsar,Hdem,0.0887,0.003913,22.67,best,60719,50825,6671421
Etal,Hsar,Hdem,Htim,-0.8168,0.001519,-100,-,50981,505671,6671421
Etal,Hdem,Hsar,Htim,-0.7853,0.001959,-100,-,60809,505671,6671421
Etal,Htim,Hsar,Hdem,0.0879,0.004027,21.829,best,60809,50981,6671421
Etal,Hsar,Hdem,Hcyd,-0.8176,0.001495,-100,-,50670,504840,6671421
Etal,Hdem,Hsar,Hcyd,-0.7854,0.001928,-100,-,60673,504840,6671421
Etal,Hcyd,Hsar,Hdem,0.0898,0.003731,24.079,best,60673,50670,6671421
Etal,Hsar,Hdem,Hmel,-0.817,0.001569,-100,-,50995,506191,6671421
Etal,Hdem,Hsar,Hmel,-0.786,0.001958,-100,-,60660,506191,6671421
Etal,Hmel,Hsar,Hdem,0.0866,0.004013,21.57,best,60660,50995,6671421
Etal,Hsar,Ldor,Hbes,0.0329,0.003556,9.246,best,131471,123101,6671421
Etal,Ldor,Hsar,Hbes,0.405,0.004207,96.279,-,290705,123101,6671421
Etal,Hbes,Hsar,Ldor,0.3772,0.003863,97.634,-,290705,131471,6671421
Etal,Hsar,Ldor,Hpar,0.0415,0.003586,11.578,best,130709,120290,6671421
Etal,Ldor,Hsar,Hpar,0.4132,0.004024,100,-,289701,120290,6671421
Etal,Hpar,Hsar,Ldor,0.3782,0.003769,100,-,289701,130709,6671421
Etal,Hsar,Ldor,Hnum,0.0489,0.003645,13.409,best,129970,117857,6671421
Etal,Ldor,Hsar,Hnum,0.4213,0.004139,100,-,289445,117857,6671421
Etal,Hnum,Hsar,Ldor,0.3802,0.003943,96.444,-,289445,129970,6671421
Etal,Hsar,Ldor,Htim,0.0482,0.003383,14.251,best,129838,117896,6671421
Etal,Ldor,Hsar,Htim,0.4209,0.003851,100,-,289231,117896,6671421
Etal,Htim,Hsar,Ldor,0.3804,0.00374,100,-,289231,129838,6671421
Etal,Hsar,Ldor,Hcyd,0.0506,0.003347,15.122,best,129368,116906,6671421
Etal,Ldor,Hsar,Hcyd,0.4243,0.003926,100,-,289239,116906,6671421
Etal,Hcyd,Hsar,Ldor,0.3819,0.003844,99.349,-,289239,129368,6671421
Etal,Hsar,Ldor,Hmel,0.0461,0.003671,12.551,best,129808,118372,6671421
Etal,Ldor,Hsar,Hmel,0.4191,0.004248,98.662,-,289190,118372,6671421
Etal,Hmel,Hsar,Ldor,0.3804,0.003745,100,-,289190,129808,6671421
Etal,Hsar,Hbes,Hpar,0.0213,0.003693,5.757,best,49229,47180,6671421
Etal,Hbes,Hsar,Hpar,0.8561,0.001406,100,-,608491,47180,6671421
Etal,Hpar,Hsar,Hbes,0.8503,0.001672,100,-,608491,49229,6671421
Etal,Hsar,Hbes,Hnum,0.042,0.004606,9.113,best,46470,42727,6671421
Etal,Hbes,Hsar,Hnum,0.8708,0.001771,100,-,618482,42727,6671421
Etal,Hnum,Hsar,Hbes,0.8603,0.002129,100,-,618482,46470,6671421
Etal,Hsar,Hbes,Htim,0.0354,0.003906,9.064,best,52227,48655,6671421
Etal,Hbes,Hsar,Htim,0.8473,0.001467,100,-,588480,48655,6671421
Etal,Htim,Hsar,Hbes,0.837,0.001768,100,-,588480,52227,6671421
Etal,Hsar,Hbes,Hcyd,0.0407,0.003785,10.749,best,52331,48239,6671421
Etal,Hbes,Hsar,Hcyd,0.8479,0.001575,100,-,585993,48239,6671421
Etal,Hcyd,Hsar,Hbes,0.836,0.001814,100,-,585993,52331,6671421
Etal,Hsar,Hbes,Hmel,0.0302,0.003689,8.184,best,52305,49239,6671421
Etal,Hbes,Hsar,Hmel,0.8457,0.00165,100,-,588830,49239,6671421
Etal,Hmel,Hsar,Hbes,0.8368,0.001787,100,-,588830,52305,6671421
Etal,Hsar,Hpar,Hnum,0.021,0.003699,5.67,best,41223,39529,6671421
Etal,Hpar,Hsar,Hnum,0.8819,0.001746,100,-,630099,39529,6671421
Etal,Hnum,Hsar,Hpar,0.8772,0.001917,100,-,630099,41223,6671421
Etal,Hsar,Hpar,Htim,0.0178,0.003261,5.453,best,43579,42056,6671421
Etal,Hpar,Hsar,Htim,0.8722,0.002261,100,-,616151,42056,6671421
Etal,Htim,Hsar,Hpar,0.8679,0.002414,100,-,616151,43579,6671421
Etal,Hsar,Hpar,Hcyd,0.0234,0.003683,6.357,best,44648,42605,6671421
Etal,Hpar,Hsar,Hcyd,0.8693,0.002328,100,-,609189,42605,6671421
Etal,Hcyd,Hsar,Hpar,0.8635,0.002487,100,-,609189,44648,6671421
Etal,Hsar,Hpar,Hmel,0.012,0.004144,2.892,best,42972,41955,6671421
Etal,Hpar,Hsar,Hmel,0.8731,0.00201,100,-,619148,41955,6671421
Etal,Hmel,Hsar,Hpar,0.8702,0.002217,100,-,619148,42972,6671421
Etal,Hsar,Hnum,Htim,-0.0019,0.002883,-0.665,best,44549,44720,6671421
Etal,Hnum,Hsar,Htim,0.861,0.001748,100,-,598665,44720,6671421
Etal,Htim,Hsar,Hnum,0.8615,0.001653,100,-,598665,44549,6671421
Etal,Hsar,Hnum,Hcyd,0.0039,0.003618,1.076,best,44983,44634,6671421
Etal,Hnum,Hsar,Hcyd,0.8603,0.00171,100,-,594330,44634,6671421
Etal,Hcyd,Hsar,Hnum,0.8593,0.001552,100,-,594330,44983,6671421
Etal,Hsar,Hnum,Hmel,-0.0076,0.004426,-1.709,best,44474,45151,6671421
Etal,Hnum,Hsar,Hmel,0.86,0.001992,100,-,599794,45151,6671421
Etal,Hmel,Hsar,Hnum,0.8619,0.001675,100,-,599794,44474,6671421
Etal,Hsar,Htim,Hcyd,0.0096,0.004391,2.193,best,27343,26823,6671421
Etal,Htim,Hsar,Hcyd,0.9247,0.00228,100,-,685563,26823,6671421
Etal,Hcyd,Hsar,Htim,0.9233,0.002412,100,-,685563,27343,6671421
Etal,Hsar,Htim,Hmel,-0.0085,0.005028,-1.699,best,29256,29762,6671421
Etal,Htim,Hsar,Hmel,0.9159,0.001646,100,-,677539,29762,6671421
Etal,Hmel,Hsar,Htim,0.9172,0.00181,100,-,677539,29256,6671421
Etal,Hsar,Hcyd,Hmel,-0.0174,0.004526,-3.853,best,28889,29915,6671421
Etal,Hcyd,Hsar,Hmel,0.9152,0.001582,100,-,675111,29915,6671421
Etal,Hmel,Hsar,Hcyd,0.9179,0.001603,100,-,675111,28889,6671421
Etal,Hdem,Ldor,Hbes,0.0375,0.003308,11.328,best,128748,119447,6671421
Etal,Ldor,Hdem,Hbes,0.3994,0.004532,88.132,-,278277,119447,6671421
Etal,Hbes,Hdem,Ldor,0.3674,0.004011,91.589,-,278277,128748,6671421
Etal,Hdem,Ldor,Hpar,0.0467,0.003421,13.642,best,128171,116742,6671421
Etal,Ldor,Hdem,Hpar,0.4076,0.004252,95.87,-,277379,116742,6671421
Etal,Hpar,Hdem,Ldor,0.3679,0.003832,96.018,-,277379,128171,6671421
Etal,Hdem,Ldor,Hnum,0.0547,0.003321,16.475,best,127567,114334,6671421
Etal,Ldor,Hdem,Hnum,0.4159,0.00429,96.957,-,277148,114334,6671421
Etal,Hnum,Hdem,Ldor,0.3696,0.003989,92.647,-,277148,127567,6671421
Etal,Hdem,Ldor,Htim,0.0538,0.003175,16.943,best,127303,114307,6671421
Etal,Ldor,Hdem,Htim,0.4156,0.004015,100,-,276868,114307,6671421
Etal,Htim,Hdem,Ldor,0.3701,0.003777,97.967,-,276868,127303,6671421
Etal,Hdem,Ldor,Hcyd,0.0569,0.003172,17.952,best,127056,113365,6671421
Etal,Ldor,Hdem,Hcyd,0.4191,0.004098,100,-,276924,113365,6671421
Etal,Hcyd,Hdem,Ldor,0.371,0.00387,95.863,-,276924,127056,6671421
Etal,Hdem,Ldor,Hmel,0.0509,0.003605,14.124,best,127222,114895,6671421
Etal,Ldor,Hdem,Hmel,0.4136,0.004477,92.384,-,276939,114895,6671421
Etal,Hmel,Hdem,Ldor,0.3705,0.00382,96.983,-,276939,127222,6671421
Etal,Hdem,Hbes,Hpar,0.0227,0.003013,7.528,best,47978,45850,6671421
Etal,Hbes,Hdem,Hpar,0.8575,0.001403,100,-,597456,45850,6671421
Etal,Hpar,Hdem,Hbes,0.8513,0.001634,100,-,597456,47978,6671421
Etal,Hdem,Hbes,Hnum,0.0453,0.004227,10.715,best,45384,41452,6671421
Etal,Hbes,Hdem,Hnum,0.8723,0.001822,100,-,607502,41452,6671421
Etal,Hnum,Hdem,Hbes,0.861,0.002247,100,-,607502,45384,6671421
Etal,Hdem,Hbes,Htim,0.0377,0.003912,9.636,best,50857,47162,6671421
Etal,Hbes,Hdem,Htim,0.849,0.001522,100,-,577282,47162,6671421
Etal,Htim,Hdem,Hbes,0.8381,0.002007,100,-,577282,50857,6671421
Etal,Hdem,Hbes,Hcyd,0.0448,0.003524,12.726,best,51141,46751,6671421
Etal,Hbes,Hdem,Hcyd,0.8496,0.001656,100,-,574800,46751,6671421
Etal,Hcyd,Hdem,Hbes,0.8366,0.00199,100,-,574800,51141,6671421
Etal,Hdem,Hbes,Hmel,0.0307,0.003983,7.701,best,50826,47800,6671421
Etal,Hbes,Hdem,Hmel,0.8472,0.001754,100,-,577686,47800,6671421
Etal,Hmel,Hdem,Hbes,0.8383,0.001944,100,-,577686,50826,6671421
Etal,Hdem,Hpar,Hnum,0.0229,0.003621,6.328,best,40268,38464,6671421
Etal,Hpar,Hdem,Hnum,0.883,0.0016,100,-,619250,38464,6671421
Etal,Hnum,Hdem,Hpar,0.8779,0.001832,100,-,619250,40268,6671421
Etal,Hdem,Hpar,Htim,0.0188,0.00336,5.586,best,42522,40955,6671421
Etal,Hpar,Hdem,Htim,0.8733,0.002329,100,-,605266,40955,6671421
Etal,Htim,Hdem,Hpar,0.8687,0.002566,100,-,605266,42522,6671421
Etal,Hdem,Hpar,Hcyd,0.0266,0.003372,7.886,best,43655,41393,6671421
Etal,Hpar,Hdem,Hcyd,0.8706,0.002436,100,-,598193,41393,6671421
Etal,Hcyd,Hdem,Hpar,0.864,0.002579,100,-,598193,43655,6671421
Etal,Hdem,Hpar,Hmel,0.0109,0.0045,2.415,best,41781,40883,6671421
Etal,Hpar,Hdem,Hmel,0.8741,0.002113,100,-,608292,40883,6671421
Etal,Hmel,Hdem,Hpar,0.8715,0.002286,100,-,608292,41781,6671421
Etal,Hdem,Hnum,Htim,-0.0027,0.003346,-0.815,best,43399,43636,6671421
Etal,Hnum,Hdem,Htim,0.8618,0.001691,100,-,587687,43636,6671421
Etal,Htim,Hdem,Hnum,0.8625,0.001723,100,-,587687,43399,6671421
Etal,Hdem,Hnum,Hcyd,0.0052,0.003803,1.376,best,43962,43504,6671421
Etal,Hnum,Hdem,Hcyd,0.8612,0.001717,100,-,583306,43504,6671421
Etal,Hcyd,Hdem,Hnum,0.8598,0.001647,100,-,583306,43962,6671421
Etal,Hdem,Hnum,Hmel,-0.0104,0.005254,-1.979,best,43143,44049,6671421
Etal,Hnum,Hdem,Hmel,0.8608,0.001925,100,-,588798,44049,6671421
Etal,Hmel,Hdem,Hnum,0.8635,0.001709,100,-,588798,43143,6671421
Etal,Hdem,Htim,Hcyd,0.0132,0.003998,3.29,best,26784,26089,6671421
Etal,Htim,Hdem,Hcyd,0.9256,0.002311,100,-,675001,26089,6671421
Etal,Hcyd,Hdem,Htim,0.9237,0.002359,100,-,675001,26784,6671421
Etal,Hdem,Htim,Hmel,-0.0116,0.005839,-1.985,best,28459,29128,6671421
Etal,Htim,Hdem,Hmel,0.9163,0.001745,100,-,667077,29128,6671421
Etal,Hmel,Hdem,Htim,0.9182,0.001843,100,-,667077,28459,6671421
Etal,Hdem,Hcyd,Hmel,-0.0238,0.005444,-4.366,best,28000,29364,6671421
Etal,Hcyd,Hdem,Hmel,0.9154,0.001657,100,-,664557,29364,6671421
Etal,Hmel,Hdem,Hcyd,0.9192,0.00167,100,-,664557,28000,6671421
Etal,Ldor,Hbes,Hpar,0.0175,0.003468,5.058,best,52407,50600,6671421
Etal,Hbes,Ldor,Hpar,0.7989,0.001773,100,-,452677,50600,6671421
Etal,Hpar,Ldor,Hbes,0.7925,0.002139,100,-,452677,52407,6671421
Etal,Ldor,Hbes,Hnum,0.0418,0.00526,7.944,best,49650,45666,6671421
Etal,Hbes,Ldor,Hnum,0.8202,0.003133,100,-,462187,45666,6671421
Etal,Hnum,Ldor,Hbes,0.806,0.003593,100,-,462187,49650,6671421
Etal,Ldor,Hbes,Htim,0.0349,0.004195,8.309,best,55385,51654,6671421
Etal,Hbes,Ldor,Htim,0.7865,0.002078,100,-,432245,51654,6671421
Etal,Htim,Ldor,Hbes,0.7729,0.002828,100,-,432245,55385,6671421
Etal,Ldor,Hbes,Hcyd,0.0442,0.003894,11.342,best,55903,51174,6671421
Etal,Hbes,Ldor,Hcyd,0.7872,0.002097,100,-,429694,51174,6671421
Etal,Hcyd,Ldor,Hbes,0.7698,0.00295,100,-,429694,55903,6671421
Etal,Ldor,Hbes,Hmel,0.0298,0.003685,8.097,best,55457,52243,6671421
Etal,Hbes,Ldor,Hmel,0.7845,0.002083,100,-,432600,52243,6671421
Etal,Hmel,Ldor,Hbes,0.7728,0.002726,100,-,432600,55457,6671421
Etal,Ldor,Hpar,Hnum,0.0253,0.004029,6.277,best,44106,41929,6671421
Etal,Hpar,Ldor,Hnum,0.8373,0.002106,100,-,473507,41929,6671421
Etal,Hnum,Ldor,Hpar,0.8296,0.002327,100,-,473507,44106,6671421
Etal,Ldor,Hpar,Htim,0.0212,0.003471,6.102,best,46405,44481,6671421
Etal,Hpar,Ldor,Htim,0.8236,0.003527,100,-,459584,44481,6671421
Etal,Htim,Ldor,Hpar,0.8166,0.003975,100,-,459584,46405,6671421
Etal,Ldor,Hpar,Hcyd,0.0315,0.003573,8.817,best,47857,44935,6671421
Etal,Hpar,Ldor,Hcyd,0.8194,0.003682,100,-,452527,44935,6671421
Etal,Hcyd,Ldor,Hpar,0.8088,0.004196,100,-,452527,47857,6671421
Etal,Ldor,Hpar,Hmel,0.0156,0.004001,3.901,best,45806,44399,6671421
Etal,Hpar,Ldor,Hmel,0.8249,0.003085,100,-,462600,44399,6671421
Etal,Hmel,Ldor,Hpar,0.8199,0.003623,100,-,462600,45806,6671421
Etal,Ldor,Hnum,Htim,-0.0027,0.002888,-0.918,best,47464,47717,6671421
Etal,Hnum,Ldor,Htim,0.8052,0.002467,100,-,442187,47717,6671421
Etal,Htim,Ldor,Hnum,0.8062,0.002435,100,-,442187,47464,6671421
Etal,Ldor,Hnum,Hcyd,0.0078,0.00339,2.302,best,48121,47376,6671421
Etal,Hnum,Ldor,Hcyd,0.8046,0.002466,100,-,437597,47376,6671421
Etal,Hcyd,Ldor,Hnum,0.8019,0.002278,100,-,437597,48121,6671421
Etal,Ldor,Hnum,Hmel,-0.0081,0.003469,-2.327,best,47369,48139,6671421
Etal,Hnum,Ldor,Hmel,0.8041,0.00259,100,-,443307,48139,6671421
Etal,Hmel,Ldor,Hnum,0.8069,0.002211,100,-,443307,47369,6671421
Etal,Ldor,Htim,Hcyd,0.0174,0.004179,4.152,best,29300,28302,6671421
Etal,Htim,Ldor,Hcyd,0.8982,0.003397,100,-,527649,28302,6671421
Etal,Hcyd,Ldor,Htim,0.8948,0.003677,100,-,527649,29300,6671421
Etal,Ldor,Htim,Hmel,-0.0082,0.004338,-1.897,best,31053,31570,6671421
Etal,Htim,Ldor,Hmel,0.8856,0.002781,100,-,519954,31570,6671421
Etal,Hmel,Ldor,Htim,0.8873,0.002977,100,-,519954,31053,6671421
Etal,Ldor,Hcyd,Hmel,-0.0242,0.004706,-5.146,best,30517,32032,6671421
Etal,Hcyd,Ldor,Hmel,0.8834,0.002628,100,-,517357,32032,6671421
Etal,Hmel,Ldor,Hcyd,0.8886,0.002675,100,-,517357,30517,6671421
Etal,Hbes,Hpar,Hnum,0.1197,0.024587,4.868,-,67839,53395,6671421
Etal,Hpar,Hbes,Hnum,0.2268,0.006471,35.05,-,84703,53395,6671421
Etal,Hnum,Hbes,Hpar,0.1103,0.029543,3.734,best,84703,67839,6671421
Etal,Hbes,Hpar,Htim,-0.164,0.006418,-25.556,-,54755,76241,6671421
Etal,Hpar,Hbes,Htim,0.0889,0.018414,4.825,best,91074,76241,6671421
Etal,Htim,Hbes,Hpar,0.2493,0.019098,13.054,-,91074,54755,6671421
Etal,Hbes,Hpar,Hcyd,-0.1744,0.006798,-25.65,-,55771,79328,6671421
Etal,Hpar,Hbes,Hcyd,0.0444,0.021191,2.093,best,86650,79328,6671421
Etal,Hcyd,Hbes,Hpar,0.2171,0.021438,10.128,-,86650,55771,6671421
Etal,Hbes,Hpar,Hmel,-0.1678,0.006523,-25.729,-,53839,75559,6671421
Etal,Hpar,Hbes,Hmel,0.1063,0.017004,6.25,best,93490,75559,6671421
Etal,Hmel,Hbes,Hpar,0.2694,0.018289,14.729,-,93490,53839,6671421
Etal,Hbes,Hnum,Htim,-0.2503,0.02047,-12.228,-,53914,89844,6671421
Etal,Hnum,Hbes,Htim,-0.1121,0.024404,-4.592,best,71777,89844,6671421
Etal,Htim,Hbes,Hnum,0.1422,0.004851,29.312,-,71777,53914,6671421
Etal,Hbes,Hnum,Hcyd,-0.26,0.01963,-13.245,-,54172,92173,6671421
Etal,Hnum,Hbes,Hcyd,-0.138,0.02242,-6.154,best,69857,92173,6671421
Etal,Hcyd,Hbes,Hnum,0.1265,0.003912,32.333,-,69857,54172,6671421
Etal,Hbes,Hnum,Hmel,-0.2525,0.020693,-12.2,-,53663,89827,6671421
Etal,Hnum,Hbes,Hmel,-0.1073,0.025249,-4.251,best,72458,89827,6671421
Etal,Hmel,Hbes,Hnum,0.1491,0.004743,31.432,-,72458,53663,6671421
Etal,Hbes,Htim,Hcyd,-0.0271,0.004699,-5.774,best,37145,39216,6671421
Etal,Htim,Hbes,Hcyd,0.6099,0.01764,34.572,-,161703,39216,6671421
Etal,Hcyd,Hbes,Htim,0.6266,0.016893,37.092,-,161703,37145,6671421
Etal,Hbes,Htim,Hmel,-0.0028,0.004998,-0.56,best,41097,41331,6671421
Etal,Htim,Hbes,Hmel,0.5745,0.012515,45.9,-,152855,41331,6671421
Etal,Hmel,Hbes,Htim,0.5764,0.013231,43.562,-,152855,41097,6671421
Etal,Hbes,Hcyd,Hmel,0.0222,0.006025,3.69,best,42353,40516,6671421
Etal,Hcyd,Hbes,Hmel,0.5793,0.011021,52.565,-,152050,40516,6671421
Etal,Hmel,Hbes,Hcyd,0.5644,0.013018,43.354,-,152050,42353,6671421
Etal,Hpar,Hnum,Htim,-0.103,0.02748,-3.747,best,71480,87955,6671421
Etal,Hnum,Hpar,Htim,-0.2478,0.005544,-44.697,-,53024,87955,6671421
Etal,Htim,Hpar,Hnum,-0.1488,0.02756,-5.401,-,53024,71480,6671421
Etal,Hpar,Hnum,Hcyd,-0.1486,0.030243,-4.915,-,68488,92474,6671421
Etal,Hnum,Hpar,Hcyd,-0.2688,0.006037,-44.529,-,53294,92474,6671421
Etal,Hcyd,Hpar,Hnum,-0.1255,0.029823,-4.208,best,53294,68488,6671421
Etal,Hpar,Hnum,Hmel,-0.0831,0.026515,-3.134,best,73431,86808,6671421
Etal,Hnum,Hpar,Hmel,-0.2456,0.006466,-37.985,-,52575,86808,6671421
Etal,Hmel,Hpar,Hnum,-0.1661,0.027363,-6.071,-,52575,73431,6671421
Etal,Hpar,Htim,Hcyd,-0.0888,0.005828,-15.233,best,38607,46118,6671421
Etal,Htim,Hpar,Hcyd,0.4829,0.017191,28.09,-,132286,46118,6671421
Etal,Hcyd,Hpar,Htim,0.5481,0.013308,41.188,-,132286,38607,6671421
Etal,Hpar,Htim,Hmel,0.0332,0.007686,4.314,best,48280,45182,6671421
Etal,Htim,Hpar,Hmel,0.4542,0.008982,50.568,-,120387,45182,6671421
Etal,Hmel,Hpar,Htim,0.4275,0.008605,49.677,-,120387,48280,6671421
Etal,Hpar,Hcyd,Hmel,0.1141,0.008345,13.67,best,51848,41239,6671421
Etal,Hcyd,Hpar,Hmel,0.4944,0.006018,82.16,-,121894,41239,6671421
Etal,Hmel,Hpar,Hcyd,0.4031,0.009396,42.905,-,121894,51848,6671421
Etal,Hnum,Htim,Hcyd,-0.0536,0.00476,-11.263,best,37568,41817,6671421
Etal,Htim,Hnum,Hcyd,0.5561,0.022411,24.812,-,146441,41817,6671421
Etal,Hcyd,Hnum,Htim,0.592,0.019558,30.269,-,146441,37568,6671421
Etal,Hnum,Htim,Hmel,0.0082,0.005542,1.475,best,43439,42741,6671421
Etal,Htim,Hnum,Hmel,0.5231,0.016128,32.432,-,136402,42741,6671421
Etal,Hmel,Hnum,Htim,0.5172,0.017775,29.095,-,136402,43439,6671421
Etal,Hnum,Hcyd,Hmel,0.0577,0.006688,8.623,best,45466,40519,6671421
Etal,Hcyd,Hnum,Hmel,0.5421,0.01307,41.473,-,136368,40519,6671421
Etal,Hmel,Hnum,Hcyd,0.5001,0.017488,28.597,-,136368,45466,6671421
Etal,Htim,Hcyd,Hmel,-0.0935,0.019581,-4.775,-,53065,64028,6671421
Etal,Hcyd,Htim,Hmel,-0.1129,0.024939,-4.529,-,51004,64028,6671421
Etal,Hmel,Htim,Hcyd,-0.0196,0.009656,-2.032,best,51004,53065,6671421